title,abstract
"Rapid Fredholm stabilization of the Kuramoto--Sivashinsky equation with unrestricted, spatially-varying anti-diffusion","We develop the first feedback design for rapid stabilization of the Kuramoto--Sivashinsky equation with a spatially varying anti-diffusion coefficient. For constant coefficients, the single-input Fredholm design of Coron and Lü (2015) excludes a discrete set of values at which repeated unstable eigenvalues cause a loss of controllability. We overcome this obstruction by introducing a second boundary input and assigning the two inputs distinct roles. The key idea, inspired by Heymann's Lemma, is to use the boundary value $u(0,t)$ entirely for a pre-feedback that renders the modified plant controllable through the curvature input $u_{xx}(0,t)$. The latter input then stabilizes the plant through a Fredholm backstepping transformation. We show that two inputs suffice for controllability and are necessary when the plant has an unstable double eigenvalue. However, the Fredholm kernel still must be approximated for implementation. Hence, to enable kernel and gain approximation, we prove continuity of the coefficient-to-gain design map on compact admissible design classes. Unlike Volterra-based continuity proofs using successive approximations, our proof uses the modal representation to control the spectral data, the inverse coefficient system, and the tails of the kernel and gain series. This yields a single neural operator approximation of the gain to any prescribed $L^2$ accuracy across the class. Finally, we establish rapid local stabilization of the nonlinear closed-loop system under both the exact gains and sufficiently accurate approximations. We conclude with numerical results that illustrate prescribed decay rates and the computational cost of the approximations. In particular, we train a Fourier neural operator that achieves typical relative gain errors of approximately $0.1\%$ and stabilizes all held-out cases tested, including a plant with an unstable double eigenvalue."
Neural Petri flows for chemical reactions,"Petri nets have been used to describe chemical processes such as reactions.They map well to chemistry: Places are the bonds between atoms and the free valence of each atom, a token is a unit of bond order, a transition forms or breaks a bond, the conserved quantities are the valence budgets of the atoms, and the enabling rule is the valence rule. These semantics are not guaranteed by learned models of reactions or neural networks that are built on Petri nets that use the net as a scaffold for message passing. Here, we ask what architecture remains a Petri net for every value of its weights. We find the answer in the theory, where all semantics of a net share the firing form $m^\prime=m+Cσ$, locality, as enabling reads only the inputs of a transition, and the enabling rule, and we prove that conservation forces the firing form and that non-negativity forces the enabling rule on local rate laws. This leaves free the rate law, which is the propensity of each transition to fire. We introduce Neural Petri Flow, which learns this rate law, or a readout for classification, and hard-wires the rest as parameter-free layers. On what we denote a valence net, atom mapping, reaction classification, and forward prediction become three tasks on one firing vector. Without training, the minimum firing vector maps 88.8% of the curated Golden set against 85.6% for RXNMapper, and 88.7 against 77.9% of the enzymatic reactions of EnzymeMap. On USPTO-480K, NPF trained on these firing vectors predicts 87.7% of the products and 67.4% when trained on a 1% subset of the training reactions. EC numbers of ECREACT are predicted at the third level for 90.2% of reactions, 5.6 points ahead of the best published method. With electrons as tokens, the same token game predicts 90.5% of the elementary steps of FlowER first, ahead of the published baseline, and every top-1 prediction is a valid molecule without a filter."
When Forgetting is not Catastrophic: On the Mechanics of Spurious Forgetting,"Knowledge that a language model appears to forget during finetuning often remains stored and can be recovered, a phenomenon called spurious forgetting. Finetuning on new facts can even produce forgetting that undoes itself: recall of the old facts collapses, recovers as training continues on new facts alone, and only then erodes for good. We seek to understand when such forgetting is not catastrophic. A minimal associative memory reproduces these dynamics with three ingredients: keys with shared structure, concentrated new values, and normalization in the network. Finetuning moves all old representations along a common direction, hiding the old facts while preserving their relative geometry; normalization withdraws this shift once the new facts are learned, whereas fact-specific changes accumulate and cause the erosion. Moreover, subtracting the common shift eliminates the collapse in a Transformer trained on synthetic data, and removing a single direction from each weight update restores old facts in a pretrained language model. Forgetting thus combines a shared, reversible loss of access with a slow erosion of individual facts, and only the second is catastrophic. Which one dominates depends on whether the new data move old memories together or apart."
Co-Evolving Paths and Flows via Path-Flow Alignment,"We study path-flow alignment as a unified training objective for flow matching. Instead of fixing the interpolation path and learning only the velocity field, we jointly train an endpoint-preserving path network and a flow network using the same alignment loss: the flow learns to match the path velocity, and the path learns to align its velocity to the current flow. Although every fixed learned path defines a valid flow-matching objective, the alignment loss alone is not a reliable criterion for path learning. We identify path overfitting, a failure mode in which the alignment loss decreases while sample quality worsens. We find that this failure is associated with low-entropy bottlenecks in the induced probability path, where the learned path routes samples through overly concentrated intermediate marginals. Motivated by this diagnosis, we introduce a stochastic path regularizer that hides part of the source information from the path network while preserving exact endpoints. The resulting regularization gives an explicit entropy floor for the stochastic training-path marginals and empirically suppresses the bottleneck in the learned sampler, making joint path-flow training effective. On ImageNet-256x256 with SiT backbones, our method consistently improves FID across model scales, extends to model-guidance training, and leaves the inference-time architecture and sampler unchanged. Code is available at https://github.com/lizeyu090312/traj_opt_paper"
Probabilistic Counterfactual Inference for Discrete Outcomes in Gaussian-Process Causal Models,"Counterfactual inference in Gaussian-process structural causal models (GP-SCMs) has been developed primarily for continuous endogenous variables, limiting applicability to causal graphs that contain discrete child nodes with continuous parents. We introduce a unified probabilistic framework for counterfactual inference with heterogeneous variable types by pairing GP predictors with explicit exogenous noise mechanisms. For discrete outcomes, we derive exact conditional noise-abduction procedures using a uniform threshold for binary variables, a Gumbel-max race for nominal categories, and a latent Gaussian cut-point model for ordinal ones. In each case, we propagate abducted noise through interventions while accounting for posterior uncertainty in the GP latent functions, and prove that the resulting mechanisms reproduce the fitted model's observational and interventional distributions. On synthetic SCMs with known ground-truth counterfactuals, we evaluate estimation accuracy, consistency, and robustness to coupling misspecification. A key finding is that applying a categorical coupling to ordinal data inflates counterfactual error roughly threefold even when observational fit remains comparable, and that this error does not diminish with more data. As the training set grows, the fitted structural equation converges to the truth while the counterfactual error flattens onto a floor. In the reverse direction, forcing a false order onto nominal data instead degrades the fitted equation itself. The choice of coupling must therefore be justified on structural grounds rather than read off the fit."
MemFLoRA: Memory-Floor LoRA for CNN Adaptation at the Edge,"On-device learning is necessary when the model encounters user-,sensor-, or environment-specific shifts after deployment. Although parameter-efficient fine-tuning (PEFT) methods, particularly Low-Rank Adaptation (LoRA) variants, enable efficient adaptation at the edge, the limiting resource for Convolutional Neural Network (CNN) adaptation is often not the number of trainable parameters but the activation state that must be retained until the backward pass. This paper introduces Memory-Floor LoRA (MemFLoRA), a low-rank CNN adapter built around a memory-first design principle rather than a direct application of transformer-oriented LoRA. Instead of merely reducing trainable weights, we define an activation-memory-floor criterion: trainable backward computations must not depend on full-width layer inputs. The resulting adapter freezes the down-projection, trains a scale-matched up-projection, and combines eval-mode backbone normalization with activation-minimal backward rules, reducing saved state to the low-rank branch. Evaluated on three Human Activity Recognition (HAR) datasets and two CNN backbones under subject, body-location, and sensor-placement shifts, MemFLoRA reduces saved-activation memory by 98.5-98.7% and peak training-state memory by 94.9-97.3% relative to full fine-tuning, while matching or exceeding CNN PEFT baselines."
CNet: A Complex-Valued Deep Learning Framework with Wirtinger Autodifferentiation and FFT--Hadamard Convolution,"CNet is a C++/CUDA framework for building and training deep complex-valued neural networks (CVNNs) and, more generally, for optimizing complex-valued functions by gradient descent with Wirtinger (CR-calculus) derivatives. It takes a physics-native stance: a network is a cascade of complex -- and often unitary (the DFT) -- operations acting on an amplitude vector, and classification is a Born-rule measurement $p_k = |z_k|^2 / \|z\|^2$ rather than a softmax over real logits. Every layer ships a CPU reference and a CUDA kernel checked against finite differences, and the computation graph is cloned across the batch for GPU execution. On top of the base layers we add signal-processing primitives that turn the identity conv(x,k) = IFFT(FFT(x) . FFT(k)) into a learnable complex convolutional network, together with a true-Adam optimizer and a reduced-memory inference mode.
  We report three studies. First, a fully complex-valued, FNet-style causal sequence model built on a new $O(N \log N)$ causal Fourier mixer -- a triangular-masked DFT evaluated by a Bluestein / chirp-z factorization: once properly tuned it matches or exceeds a parameter-matched real-valued causal FNet on character-level language modeling, reaching the real model's converged quality in under half the training steps. Second and third, bottleneck analyses on radio-modulation classification (RML2016.10a) and the Fourier phase problem of coherent-diffraction imaging, which isolate exactly where complex-valued networks still need new operators. Across all three the complex formulation provably learns the physically correct structure.
  Code: https://github.com/crasmarum/CNet"
Valid for Free: Homophily-Gated Conformal Prediction for Training-Free Node Classification with Tabular Foundation Models,"Tabular foundation models (TFMs) can classify the nodes of a graph without training on it, by reading node and neighborhood features as table rows next to labeled context rows. Work in this line reports predictive performance, not conformal coverage or prediction-set size. To our knowledge, we give the first reliability study of the setting, with TabICL as the TFM and half of each graph as labeled context. As for any predictor fixed before calibration, a frozen in-context predictor makes split conformal prediction exactly valid in finite samples, with no training, validation fold, or tuning on the target graph. An audit across ten graphs then shows that the training-free TabICL posterior has lower expected calibration error (ECE) than GCN with temperature scaling (GCN+TS) on nine of them. Its mean ECE over the ten graphs is 0.019, about 35 percent below the 0.029 of GCN+TS. We also introduce HG-DAPS, a training-free diffusion score whose homophily gate reads only the in-context labels, so the guarantee still holds. Relative to adaptive prediction sets (APS), it reduces mean set size by 5.8 to 17.1 percent on six homophilous graphs and changes it by under 1 percent on four heterophilous ones. On two binary, class-imbalanced graphs, a pre-registered trap case shows that gating on raw rather than adjusted homophily lowers coverage among low-homophily nodes by 0.27 and 0.12. Marginal coverage stays at the nominal 0.90 and masks this drop."
Reinforcement Learning for Hierarchical Reasoning Rewards: Minimax-Optimal Rates with Transformers,"Reinforcement learning (RL) has become a standard tool for post-training language models on reasoning tasks, where the policy is updated by reward feedback while exploring the space of responses. Despite its empirical success, theoretical understanding of RL post-training remains limited, in particular of why on-policy exploration combined with a neural reward model is effective. In this paper, we address this question by modeling the reward as a hierarchical function on the response space: the reward consists of infinitely many local components, each of which becomes relevant only after the preceding ones have been resolved. We show that a natural Transformer-based actor--critic algorithm, which alternates between sampling from the current KL-regularized policy, fitting a Transformer critic to the observed rewards, and updating the policy, achieves the minimax optimal rates in the query budget and in the regularization strength up to logarithmic factors, and is minimax optimal for a fixed number of prompts. In contrast, we prove that sampling from the fixed reference distribution, as in offline reward modeling, can limit regret decay to a logarithmic rate. These results show that on-policy exploration progressively zooms in on the region where the reward is concentrated, and quantify its benefit for RL post-training."
DeltaTTT: Layerwise Optimization for Nonlinear Recurrent Memory,"Sequential test-time training adapts a memory network through successive updates, each computing an inner-loop gradient based on the network's previous state. Intuitively, this state dependence should allow each update to account for what the memory has already learned and better incorporate new information. However, we find that this expected advantage does not consistently materialize in nonlinear memories: a fixed-base parallel TTT baseline outperforms its serial counterpart. Our exploratory experiments point to a key underlying difficulty: nonlinear memories can be harder to optimize than linear ones within a single pass over the sequence. To alleviate this optimization difficulty, we introduce DeltaTTT, which replaces joint inner-loop optimization of a two-layer memory network with layerwise learning. Each layer is assigned a local prediction target and updated through a state-dependent delta rule. This formulation retains a nonlinear readout while enabling chunkwise parallel computation. Experiments on DeltaNet and LaCT backbones show improvements in language modeling and retrieval over their recurrent baselines."
From Shared Demand Patterns to Local Uncertainty: Probabilistic Load Forecasting by Mixing Compact Adaptations,"Probabilistic load forecasting has been widely studied for power-system operation and planning, but customer- and transformer-level forecasting introduces a distinct scalability challenge. At these levels, load uncertainty is strongly affected by customer behavior, weather, and mixed load composition, making it difficult for a single shared model to capture heterogeneous patterns. Using separate probabilistic models can improve local accuracy, but becomes costly to train, store, update, and validate at scale. To address this challenge, we develop a scalable customer-aware forecasting framework that learns common demand behavior through a shared model while adapting only a compact subset of parameters. Rather than using an independent model for each load or assigning each load to a specialized model, the proposed design learns a small bank of low-dimensional adaptation components and allows each load to combine them according to its forecasting characteristics. This preserves shared knowledge across customers while providing sufficient flexibility for heterogeneous and mixed load compositions. Experiments on 590 load profiles from the SMART-DS dataset show consistent improvements in deterministic accuracy and probabilistic quality over statistical, neural-network, Transformer-based, and pretrained time-series baselines, while retaining low storage and inference costs."
FlowCF: Sparse Counterfactual Explanations for Mixed-Type Tabular Data using Flow Matching,"In the field of Explainable AI (XAI), counterfactual (CF) explanations interpret a model's decision by suggesting the changes to the input that would lead to a more favourable outcome. To be useful in practice, such an explanation should change few features and change them as little as possible, properties known as sparsity and proximity. We observe that existing methods remain limited in this respect, especially for numerical features, whether they are model-agnostic and amortised, or gradient-based with full access to the model. In this paper, we propose FlowCF, a model-agnostic generative method that frames CF generation as sparse transport from the factual to the target class. We solve this transport with flow matching, which we extend to mixed feature types with a novel mixed flow operator, and exploit the resulting geometry to optimise for sparsity through a gating network that minimises the number of features the transport changes. Extensive experiments on six benchmark datasets demonstrate that FlowCF produces the best numerical sparsity and proximity, changing 29% of the numerical features where the best baseline changes 89%, at 70% smaller displacement, while remaining comparable on the other desiderata."
How Bregman Divergences Shape Shampoo,"Understanding the principles behind Shampoo has recently guided the development of more effective neural network optimizers. These methods learn a preconditioner by optimizing the Frobenius or Kullback-Leibler (KL) divergence against the gradient second moment. In this work, we investigate how the choice of divergence shapes preconditioning, which remains unclear and blocks further improvements. To do so, we develop a unified Bregman divergence framework that connects all popular divergences, allowing us to study them jointly. Through empirical spectral analysis of gradient second moments, we examine how divergence choice shapes Kronecker approximation and interacts with finite-sample error in preconditioning. We find that some divergences can better compensate for finite-sample underestimation of the empirical second moment, helping explain the differing behavior of their corresponding Shampoo variants. We further validate this explanation through GPT-2 pretraining experiments. By connecting divergence choice to practical training behavior, we believe our framework provides principled guidance for understanding the foundations of, and further improving, Shampoo."
MetaLearnNCA: Few-Shot Offline Meta-Learning via Interacting Neural Cellular Automata,"Few-shot meta-learning traditionally formulates task adaptation either as analytical gradient descent through unrolled computational graphs or as metric-based distance comparisons over flattened 1D fea- ture vectors, which either incur costly test-time backpropagation or discard native 2D spatial geometry. In this work, we propose METALEARNNCA, a decentralized framework that achieves few-shot adapta- tion through the dynamical interaction of coupled Neural Cellular Automata (NCAs) without computing analytical gradients during inference. MetaLearnNCA decomposes task adaptation into an Active- NCA, which executes task inference conditioned on a continuous 2D spatial memory grid termed the spatial program, and a learned Meta-NCA, which acts as a decentralized cellular optimizer by diffusing spatial error residuals across local neighborhoods to dynamically update this program. METALEARN- NCA is competitive against canonical meta-learners in-distribution (96.12% on Omniglot) with Out-Of- Distribution transfer gains on MNIST, KMNIST, and Fashion-MNIST transfer across 10 independent testing seeds across 1-, 5-, and 10-shot regimes (e.g., surpassing Prototypical Networks by +10.54% on 10-shot MNIST and a +3.87% gain on 10-shot Fashion-MNIST over FOMAML). Our results establish that robust, gradient-free learning-to-learn can emerge from decentralized cellular dynamics on non-von Neumann substrates."
Learning PDE solution operators with variable initial conditions via Latent Dynamics Networks,"In many-query scenarios, data-driven surrogate models provide an efficient alternative to high-fidelity solvers for simulating physical systems governed by Partial Differential Equations (PDEs). In this context, the Latent Dynamics Network (LDNet) has recently demonstrated remarkable performance in predicting the response of spatio-temporal systems, combining Neural Ordinary Differential Equations with nonlinear dimensionality reduction. However, the original formulation assumes a fixed initial condition, limiting its applicability to many real-world applications where a system evolves from varying starting states. In this work, we overcome this limitation while keeping the end-to-end training procedure of the original LDNet and its encoder-free nature, which preserves its intrinsic independence from spatial resolution and grid topology. We infer the initial latent state directly from a small set of early-time observations, treating latent-state initialization as an adaptation problem, and investigate two strategies: an auto-decoding formulation and a meta-learning approach in which the initial latent state acts as a task-specific context variable. We demonstrate the accuracy of the proposed methods across diverse physical phenomena, spanning advection-diffusion, fluid dynamics, and solid mechanics. Meta-learning markedly accelerates latent-state inference and induces smoother, better-conditioned optimization landscapes, and spontaneously organizes the latent space into a structured representation that reflects physically meaningful features of the underlying dynamics. The coordinate-based decoder enables training from spatially subsampled data while recovering high-resolution solution fields at inference. The resulting approach provides an efficient and resolution-independent surrogate modeling framework for many-query simulations of time-dependent PDEs with varying initial conditions."
Symmetry-Aware Feature Learning: A Polynomial Separation for Multi-Index Models,"We establish a polynomial sample complexity separation between symmetry-aware and symmetry-agnostic feature learning. We study growing-rank multi-index models with high-dimensional Gaussian covariates in $\mathbb{R}^d$ and $r=Θ(d^δ)$ teacher directions forming a cyclic symmetry orbit, where $0<δ<1/2$. We compare three ways of exploiting this structure: architectural weight sharing, data augmentation over the full symmetry group, and learning without access to the symmetry. In particular, we analyze a symmetry-tied convolutional network, an untied network, and the same untied network trained with full-group data augmentation, using spherical online SGD with correlation loss. For a class of polynomial links with information exponent $p\ge3$, we prove matching sample complexity bounds up to logarithmic factors: the tied and augmented learners achieve weak directional recovery in $\widetildeΘ(d^{p-1})$ samples, whereas the symmetry-agnostic learner requires $\widetildeΘ(rd^{p-1})$. For the pure quadratic Hermite link, the same separation holds for weak recovery of the teacher subspace, with sample complexities $\widetildeΘ(d)$ and $\widetildeΘ(rd)$, respectively. Thus, full-group data augmentation matches the sample efficiency of architectural weight sharing, and both provide a polynomial advantage over training without symmetry. For $p\ge3$, the proof reveals a two-stage mechanism: fluctuations at initialization select one direction in the teacher orbit, after which localized growth amplifies its overlap to the weak recovery scale while competing overlaps remain near their initialization scale."
SSR: Sparse Segment Reduction for Ternary GEMM Acceleration,"Large Language Models (LLMs) require substantial computational resources, limiting their deployment on resource-constrained hardware. Ternary LLMs mitigate these demands through weight quantization via ternary values, achieving significant compression often with 50-90% sparsity. However, existing approaches have limitations: methods optimized for ternary weights, such as BitNet, redundant segment reduction (RSR), and its improved version RSR++, do not exploit sparsity structures, while conventional sparse formats neglect ternary characteristics, foregoing dual optimization opportunities.
  In this paper, we introduce Sparse Segment Reduction (SSR), a ternary matrix multiplication method designed to accelerate the inference of ternary LLMs and general Ternary Weight Networks (TWNs). SSR has a dedicated optimized ternary data format and an algorithm that systematically exploits sparsity patterns through computation trees that scale with the sparsity. SSR provides theoretical gains with asymptotically faster inference than RSR++ for sparsity above 50%, while practical evaluations reveal performance improvements across all sparsity levels. Evaluation results show that SSR achieves 2.1-11.3x speedup over RSR++ on ternary GEMM with 45-95% sparsity. Furthermore, SSR achieves 3.5-6.3x end-to-end speedup and 4.9% of memory saving over RSR++ on the Llama-3 1B model inference."
Evolutionary One-Step Generators: Fast and Diverse Sampling for Discrete Design,"Several discrete design tasks, such as molecular discovery, require diverse collections of useful candidates at low computational cost. High validity alone does not guarantee a useful candidate library: repeatedly generating the same valid structures leaves few distinct alternatives. Training for both feasibility and diversity is challenging because many relevant criteria can only be evaluated after hard decoding. To address this challenge, we propose EGO (Evolutionary Generators with One-step inference), a framework for training compact generators directly on discrete outputs. The method combines distribution matching with structural constraints and optional diversity or history-dependent rewards, using antithetic low-rank evolution strategies without requiring criterion-specific differentiable surrogates. Once trained, the generator produces the entire graph in a single neural-network evaluation. On molecular generation benchmarks, our compact generator achieves over $50\times$ the valid-and-unique yield per estimated dense operation compared to recent one-step flow-map baselines while retaining high chemical validity. In scaffold completion, EGO achieves an observed $44.3\times$ speedup over MoLeR in generation to SMILES and produces approximately $10\times$ as many filter-passing proposals within matched time budgets for generation and screening. Beyond chemistry, EGO produces $1.54\times$ as many distinct held-out elite architectures as relaxed gradient training on NAS-Bench-101. The low generation cost may enable real-time candidate generation across discrete design tasks, supporting interactive exploration of constrained design spaces and rapid construction of candidate sets for downstream evaluation."
Sensor Geometry as a Flow-Matching Prior for Multi-Channel Brain Signals,"Flow-matching models start from an isotropic Gaussian source, the standard choice when the correlation structure of the data is unknown in advance. For multi-channel brain recordings, however, part of this structure is known in advance. Electrodes sit at fixed positions on the head, and volume conduction through the skull and scalp makes nearby electrodes co-vary in a way that is shared across subjects. Existing EEG generative models nonetheless leave the network to learn this from scratch. We put this structure into the source instead. From the sensor coordinates alone, we build a k-nearest-neighbor graph and take a graph-Matérn function of its Laplacian as the source covariance, so the flow starts from spatially coherent patterns rather than channel-independent noise. The change adds no learned parameters, works with any coupling and any drift network, and uses the same three hyperparameters on every dataset. Across eight EEG datasets and four flow-matching methods, the graph-Matérn source lowers the spectral discrepancy between generated and real signals in the five clinical bands (PSD-KL) on most datasets. PSD-KL falls by 12% to 17% in geometric mean over datasets depending on the method and by up to 40% on PhysioNet-MI, the densest montage. We show that the improvement stems from the spatial eigenvectors of the local graph of sensor positions, since randomizing the eigenvectors while preserving the eigenvalue spectrum eliminates the gain. Furthermore, a prior fitted directly to the empirical data covariance performs worse than isotropic noise. The same construction applies unchanged to MEG, intracranial EEG with patient-specific grids, and a traffic-sensor network, lowering PSD-KL for every method on each. https://jd730.github.io/projects/GraphPrior"
Uncertainty Quantification Is Indispensable for Reliable Connectome-Based Graph Learning: A Narrative Review and Case Study,"While graph neural networks (GNNs) have shown substantial promise in connectome-based diagnostic classification, deterministic models inevitably suppress pipeline-induced noise and model ambiguities, yielding overconfident predictions. Although uncertainty quantification (UQ) is widely adopted in voxel-level segmentation, its role in connectomic graph learning remains largely unaddressed. This paper presents a comprehensive narrative review of UQ frameworks tailored to connectome graph learning alongside an empirical case study demonstrating the perils of uncalibrated predictions. We delineate sources of aleatoric and epistemic uncertainty across neuroimaging pipelines and review prominent UQ paradigms, from Bayesian approximations and ensemble methods to evidential learning and conformal prediction. In our case study, a temporal Graph Attention Network (GAT) trained on dynamic functional connectivity (dFC) matrices from the SUDMEX CONN dataset achieves 80.0% diagnostic accuracy (F1 = 0.794) for Cocaine Use Disorder. However, a post-hoc uncertainty audit via Monte Carlo dropout reveals severe overconfidence (ECE = 0.127), with misclassified subjects assigned prediction confidences up to 95%. This empirical divergence between discrimination and calibration underscores the confidence paradox in deep connectomics. Our findings establish that rigorous UQ, calibration, and selective prediction mechanisms are indispensable for deploying trustworthy graph-based biomarkers in clinical neuroscience."
Machine Learning for German Redispatch Forecasting under Data Delays and Temporal Distribution Shift,"Public redispatch records provide empirical data for grid congestion forecasting, but delayed reporting, zero-inflated distributions, and temporal shift present major modeling challenges. We assess the accuracy and reliability of probabilistic machine-learning forecasts using published German transmission records under experimentally imposed information-age constraints. The benchmark evaluates eight daily series of upward and downward intervention energy across four German transmission system operators from 2021 to 2024 (48,242 eligible records; 354 evaluation dates in 2024). We compare seasonal empirical, regularized autoregressive (ARX), quantile LightGBM, GRU, and Transformer models under a minimum seven-day target-latency constraint. Neural architectures use a zero-censored output head to accommodate exact-zero outcomes. Static, rolling, and adaptive delayed-feedback calibration are evaluated using normalized weighted interval score (nWIS), empirical coverage, and block-bootstrap inference. Raw LightGBM achieved nWIS 0.7952, outperforming ARX (1.0604) and the seasonal baseline (0.8739) by 25.0% and 9.0%, respectively (Holm-adjusted p<0.005). Rolling calibration improved LightGBM to nWIS 0.7767 versus 0.8251 for static calibration (p=0.0092), with 91.81% coverage for nominal 90% intervals. The zero-censored Transformer achieved nWIS 0.8161, with no significant difference from LightGBM (p=0.260). However, aggregate coverage concealed substantial undercoverage during high-volume interventions (61.91% coverage among above-threshold events). These results show that boosted-tree models with rolling calibration provide accurate probabilistic forecasts of aggregate redispatch volumes under target delays, while nominal aggregate validity does not ensure reliability during extreme congestion events."
Structure-Aware Graph Abstention for Reliable Selective Forecasting,"Selective forecasting abstains on high-risk test windows under a retained-coverage budget. Existing gates such as TEM (Brusokas et al., 2025) score each forecast as a whole; for multivariate outputs, trajectories can look plausible while violating dependencies among variables. We treat instance-level plausibility and relational consistency as distinct reliability axes and operationalize the latter via a learned sparse graph and a Dirichlet-style structural energy E_struct, trained with error-weighted graph regularization and score-error alignment. On seven long-horizon benchmarks and four backbones, structural gating often reduces selective MSE versus TEM at matched coverage, with the largest gains where cross-variable structure appears more informative in our benchmarks; gains are not universal, indicating a complementary abstention signal. Table 1 is a Protocol A ranking diagnostic (seed 2024); three-seed deployable Protocol B on an aligned subset is in Table 3 (full validation-to-test grids: Appendix A)."
Finding the Heads and the Neurons Responsible for Network Information Retrieval in Language Models,"We ask whether specific attention heads, and more finely specific neurons inside those heads, are responsible for recognizing that a language model's context contains network infrastructure information (a hostname paired with its IP address), and whether that responsibility can be validated causally rather than by correlation alone. At the head level the answer is yes, across five models spanning three architecture families: in every model, a small set of heads (1 to 9 out of 128 to 1152 candidates), found by causal ablation screening and tested for selectivity against matched negative and context-free controls, supports a detector with 99.5--100\% held-out accuracy. We then ask whether a head's responsibility concentrates into one neuron or stays spread across its dimensions; this is model-specific. In one model, the top head's signal concentrates into a single neuron, found independently by both a causal intervention and a correlational ranking, which agree exactly (AUC = 1.000, matching the full head). In another, the single clean head works as a whole (AUC = 1.000) but the best causally ranked neuron inside it does not (AUC = 0.665), so the responsibility there is spread across the head. The remaining three models fall in between. On an independent dataset collected by a different institution (reverse-DNS records rather than the discovery data), every model's full-head detector flags 100\% of positive records; the single-neuron versions transfer less reliably, and in one model score below chance. Causal head-finding for a specific network-information entity works across models and architectures; how far that finding can be pushed down to individual neurons varies, and needs to be checked for each model."
LFHE: Local-First Heuristic Evolution for Bounded Local Topology Search in Decentralized Learning with Non-IID Data,"Decentralized learning is highly sensitive to communication topology under non-IID data. Adaptive peer-selection methods can exploit local model information, but broader peer discovery may require increasingly large control state, whereas direct spectral optimization typically relies on graph-wide information. We study the intermediate setting of bounded local topology search and propose Local-First Heuristic Evolution (LFHE), a representation-driven rewiring framework whose candidate discovery and scoring use only ego-neighborhood and friend-of-a-friend (FoF) information. The structural score admits an exact interpretation through graph Dirichlet energy: its sum across clients equals twice the representation Dirichlet energy, which under standard linear consensus dynamics governs the instantaneous dissipation of representation disagreement. LFHE combines this state-dependent structural signal with early exploration and degree control, while algebraic connectivity remains an offline graph diagnostic. Under bounded sparse degree, its FoF candidate state remains local rather than expanding toward population-wide peer tracking. Across four image, speech, and text benchmarks, LFHE achieves competitive decentralized learning performance. Matched-protocol controls identify the structural term as the principal empirical topology-selection signal, while comparison with broader peer discovery exposes a trade-off between predictive performance and discovery-state locality. Together, these results motivate state-aware bounded local topology search between pairwise peer selection and globally informed topology optimization."
Explainable Rule Mining of IPv6 Extension-Header Presence Patterns from Paired-Vantage Captures,"IPv6 extension headers (EHs), such as fragmentation, segment routing, and in-situ telemetry, are operationally important yetwidely dropped in transit, and characterising their behaviour from packet captures is a recurring measurement problem. We ask whetheran explainable miner can recover human-readable rules of EH behaviour, and we contribute two reusable tools: a negative-control protocol that diagnoses whether a mined ""temporal"" network rule reflects genuine cross-packet dynamics or mere within-packetco-occurrence, and a sender-conditioned, per-family EH-retention measurement. Applying an interpretable temporal-logic rule miner to the JAMES paired-vantage dataset, we recover a portable Fragment-EH rule that the protocol reveals to be a within-packet,near-definitional co-occurrence rather than a temporal pattern, so the temporal-logic machinery does no work for this dominant rule;the retention measurement independently recovers the expected within-window ordering of EH observability. Our main result istherefore an honest, controlled negative finding, corroborated by executed decision-tree and large-language-model baselines: on theevaluated JAMES traces network-temporal structure does not carry the dominant Fragment-EH signal, and we supply the controls thatestablish when it would, validated on a synthetic positive control containing a genuine cross-packet dependency."
ProximalFM: Amortized Proximal Causal Inference under Hidden Confounding,"Standard causal identification methods often assume no unmeasured confounding and can fail when relevant confounders are unobserved. Proximal causal inference instead uses proxy variables to identify effects under hidden confounding. However, nonparametric proximal estimation can be challenging in practice: recovering causal estimands such as the conditional average treatment effect (CATE) requires solving an ill-posed integral equation that is data-hungry, hyperparameter-sensitive, and optimization-unstable. Bayesian inference for such models provides a desirable alternative, mitigating these difficulties by regularizing through the prior. However, computing a posterior is itself challenging, as a typical likelihood function will include latent variables. Following the recent success of tabular foundation models in backdoor, instrumental variable, and frontdoor settings, we propose that prior-data fitted networks (PFNs) are uniquely suited to resolve this bottleneck. Indeed, by training on synthetic data sampled from compliant structural causal models with access to oracle counterfactuals, we simplify the task substantially, amortizing the implied Bayesian operator inversion into a single transformer forward pass. Compared to prior literature that focuses primarily on point estimation, our model, ProximalFM, explicitly targets the Bayesian posterior distribution of the CATE. One unique aspect of this problem is that we need to provide Monte Carlo estimates of the oracle CATEs, leading to a novel variation of PFNs that accounts for the added stochastic error. Across a diverse suite of proximal regimes, ProximalFM achieves consistently strong CATE-estimation performance without dataset-specific tuning, with its largest advantage when latent confounding is substantial and the proxies are weakly informative; it also provides fast inference through a single amortized forward pass."
Optimization Encoders: Rethinking Second-Order Meta-Learning for Neural Fields,"Conditional neural fields represent signals continuously, but their effectiveness depends on how the conditional latent representations are inferred from observed data. In meta-learning, this encoding occurs through gradient updates induced by the decoder, tying representation learning directly to decoder design. We formalize this connection by interpreting latent optimization as an optimization encoder, unifying the roles of second-order differentiation, latent parameterization, and task supervision. This concept enables second-order meta-learning for end-to-end training of the encoding procedure alongside the decoder, and clarifies which learning pathway first-order approximations discard. Guided by this view, we introduce Attentive Latent Fields (MetaLF), an equivariant transformer-based neural field that contextualizes a latent pointcloud through self-attention. These interactions shape both field predictions and the updates that construct their representation, allowing local observations to inform coherent non-local structure. Disentangling the inner encoding objective from outer task supervision unifies reconstruction, classification, and segmentation within an end-to-end meta-learning framework, using reconstruction-only latent adaptation at test time. Controlled experiments on polynomial fields link latent coordination to lower effective rank and stronger alignment with the underlying function space. Across image and 3D shape reconstruction, MetaLF improves fidelity within three to five gradient updates, while supporting semantic prediction across images, shapes, and volumes. Together, these findings position the optimization encoder perspective as a unified basis for designing neural fields around how representations are constructed, coordinated, and used."
A Riemannian Geometry for Low-rank Adaptation,"Low-rank adaptation (LoRA) is widely used as a parameter-efficient fine-tuning technique for pre-trained deep neural networks, which approximates the weight update via full fine-tuning by a low-rank matrix $BA^\top$. This parameterization leads to the equivalence relation $(B, A) \sim (BG^{-1}, AG^\top)$ for any invertible matrix $G$ because $BA^\top = BG^{-1}(AG^\top)^\top$ and thus both pairs yield the same loss value. This relation induces a quotient manifold where matrices $(BG^{-1}, AG^\top)$ for all $G$ are identified, eliminating redundant directions along which the loss value remains unchanged. To respect the geometry of this manifold, the original search space is endowed with a Riemannian metric that is invariant under the equivalence relation. Such a metric induces preconditioning at each gradient step and ensures that each weight update via LoRA changes the loss value, leading to efficient optimization. In this paper, we propose a new Riemannian metric that is specifically tailored to LoRA to close the gap to full fine-tuning at the weight level. We theoretically show that LoRA with our preconditioning induced by this metric satisfies the following two properties at each iteration: (i) The weight update follows the direction closest to the gradient of full fine-tuning within the subspace of first-order weight changes allowed by the LoRA parameterization. (ii) The updated weight matrix is closer in Frobenius norm to that of full fine-tuning than the updated weight matrices of LoRA with conventional preconditioning and without preconditioning. These theoretical insights suggest that our preconditioning makes LoRA better approximate full fine-tuning, thereby leading to more efficient optimization. Experiments show the effectiveness and efficiency of our preconditioning for LoRA on fine-tuning tasks with language and vision domains."
FOSLS-deRhaNN: native de Rham neural classes for H(div) and H(curl) with applications to first-order system least-squares neural network methods for partial differential equations,"We construct neural approximation classes native to the graph spaces H(div) and H(curl), in two and three dimensions and, for H(div), in any dimension. Every realization lies in the space for all parameter values, and with kinked potentials, such as ReLU networks, the admissible jumps appear at finite width. The classes are images of scalar and componentwise networks under fixed operators of the de Rham complex, and do not involve a mesh or finite element emulation. For H(div) in R^n two native classes are given on an equal footing, with a skew-symmetric potential $A$: $\mathrm{Div}\,A+R_nq+\mathbf{h}$, with the divergence $q$ as an explicit unknown, and $\mathrm{Div}\,A+\mathbf{z}$ with an $H^1$ field $\mathbf{z}$; for H(curl) the analogous classes are $\mathrm{grad}\,φ+Sr+\mathbf{h}$ in two dimensions and $\mathrm{grad}\,φ+\mathbf{z}$ in two and three dimensions. In all of them every interface jump of the field is carried by the potential term, $\mathrm{Div}\,A$ or $\mathrm{grad}\,φ$, while the remaining part has no interface jump (it is an $H^1$ field in the regular-decomposition classes); the classes with $\mathbf{z}$ are the componentwise approach enriched by this term. Known or learned interface geometry enters the potential through factors with trainable amplitudes, and the remaining part if the divergence jumps. The classes lead to the FOSLS-deRhaNN method, first-order system least squares with de Rham neural networks, whose loss is the least-squares functional posed in the natural spaces of the weak formulation; for elliptic equations this includes $H^{-1}$ right-hand sides and $H^{1/2}$ Dirichlet data. Elliptic equations with discontinuous coefficients and curl-curl problems are treated as instances, with the functional equivalent to the error; linear transport with discontinuous solutions and conservation laws with shocks use the same flux classes."
Can phenotypic activity be predicted without experimental readouts?,"Molecular encoders contrastively pretrained on paired molecule-morphology data, such as CLOOME and CellCLIP, have been proposed as cheap surrogates for phenotypic prediction, avoiding the need to run a Cell Painting assay. We evaluate this idea for these molecular encoders under a protocol designed to control for two confounds that can inflate apparent performance: leakage across an encoder's own pretraining boundary, and the correlation between phenotypic activity and cytotoxicity. Testing six representations, including a non-pretrained MLP control matching CLOOME's input and layer count, on two distinct Cell Painting screens, we find that once these confounds are controlled for, the pretrained molecular encoders show no clear advantage over plain physicochemical descriptors, and that toxicity is generally easier to predict than phenotypic activity across representations. Our results suggest leakage-aware, confound-controlled evaluation should be standard practice before phenotype-pretrained encoders are trusted as surrogates for phenotypic drug discovery."
Do Higher-Order Models Win for Higher-Order Reasons? Rethinking Performance Gains in Hypergraph Learning,"Higher-order models (e.g., hypergraph neural networks) often outperform lower-order baselines on hypergraph learning benchmarks, and their advantages are commonly attributed to their ability to exploit higher-order information. However, better performance alone does not establish this explanation. We therefore ask: Do higher-order models win for higher-order reasons? To investigate this question, we introduce a controlled performance-attribution framework that perturbs higher-order information while preserving the lower-order, i.e., pairwise, information. Across 25 commonly used hypergraph learning benchmarks spanning three tasks, we frequently observe an intriguing pattern: higher-order models originally outperform lower-order baselines, yet retain most of their advantage after perturbation. This suggests that much of the observed advantage remains achievable without the higher-order information. We then investigate potential lower-order explanations for these remaining gaps. We find that simple additions to a lower-order baseline, e.g., richer pairwise weighting, more steps of pairwise feature propagation, and normalization, reduce the remaining performance gaps, supporting lower-order explanations for part of the observed advantage. Our analysis calls for the hypergraph learning community to rethink performance attribution by distinguishing performance gains from their explanations, adopt stronger lower-order baselines, and use suitable benchmarks that better test the value of higher-order information."
"Feature Encoding in VAE-based Audio Decoders: Effects of Input, Depth and Distribution","Neural audio synthesis models like the Realtime Audio Variational autoEncoder (RAVE) achieve impressive genera tion quality, yet how their internal representations encode musical features remains poorly understood. We present a systematic layer-wise and cross-layer cluster analysis of RAVE decoder activations across three models trained on different musical domains, tested with four stimulus types. We then evaluate architectural generalization with a general purpose EnCodec model. For RAVE, we find that synthetic stimuli are encoded well across models and audio features (pitch |\r{ho}|=0.45, 5.1x the null, BPM |\r{ho}| = 0.76, 8.6x the null). These results are reduced but still substantively apparent when using natural audio (mean across features |\r{ho}|=0.25, 2.8x the null). Natural audio sees a stronger encoding when nonlinear probes are used (mean across features R2=0.56, 18x the null, +0.152 nonlinear gain over the linear probe R2). Encoding strength varies throughout the layers of the decoder and an increased ability to joint-encode in the middle layers is seen across all audio features (\b{eta}2 all negative, p < 0.05). The general purpose EnCodec decoder also sees similar strong synthetic responses across audio features, similar nonlinear gains for natural audio joint encoding and similar depth profiles. We find the best cross-layer cluster improves the strength (r = 0.65, p = 0.006) and prevalence (r = 0.75, p = 0.001) of BPM encoding when compared against the best whole layers within the same section, with no effect for joint encoding. These findings advance the interpretability of neural audio models and inform targeted control strategies for neural synthesis."
Generalized Matheron Variational Implicit Processes,"Implicit-process priors specify distributions over functions through sample-forward mechanisms such as Bayesian neural networks and stochastic simulators, but their function-space densities are typically unavailable. We introduce Generalized Matheron Variational Implicit Processes (GMVIP), a pathwise variational family for posterior inference with such priors. For Gaussian-process priors, GMVIP recovers the standard inducing-variable variational GP construction; for general implicit priors, its empirical covariance construction preserves the prior mean and covariance in the population limit. GMVIP constructs posterior samples by drawing a function from the prior and applying a correction anchored at a set of inducing inputs. The effect of this correction away from the inducing inputs is determined directly from prior samples, allowing the posterior to retain the structure and variability of the original implicit process. The (surrogate) prior and variational posterior use the same pathwise construction and differ only in the distribution of whitened inducing coefficients, yielding a tractable coefficient-space Kullback-Leibler divergence. Experiments on regression, classification, and forecasting with simulator-defined and retrieval-conditioned empirical trajectory priors show that GMVIP is broadly competitive with existing methods."
A Decision-Focused Neural Optimization Framework for Personalized Route Reproduction from Vehicle Trajectories,"This study formulates individual route reproduction as a shortest-path problem over learned driver-specific latent link costs. The central idea is that, once such latent costs are inferred from contextual information, observed routes can be reproduced without enumerating alternative route sets. We propose a neural pipeline that includes a perception model that embeds context covariates, which comprises individual characteristics, trip-specific attributes, and network-level traffic states, into the personalized link costs. A constrained optimization (CO) layer, which determines the shortest path (SP) based on these estimated costs, follows the perception encoder. To enable end-to-end training, we employ decision-focused learning to align the predicted shortest paths with observed routes. The implicit maximum likelihood estimation (iMLE) provides an approximate gradient of the loss function that contains the non-differentiable CO layer. Furthermore, a regularization term anchors the latent cost distribution to the empirical scale of observed link travel times, mitigating the scale ambiguity inherent in shortest-path supervision. Empirical evaluations demonstrate that the proposed framework outperforms baseline route choice models in path reproduction. The learned latent costs, interpreted as proxies for perceived travel costs, provide plausible explanations for heterogeneous route choices."
Forecast Accuracy Is Not Trading Profit: Evolving Small Recurrent Networks for Stock Return Prediction,"Time series forecasting models are typically compared on pointwise error, which scores a prediction in isolation from the decision it is produced for, and a lower forecast error does not imply a better decision downstream. A parallel debate asks whether modern transformer architectures forecast better than recurrent and other lightweight models. We compare linear, fixed recurrent, transformer, and mixing based architectures against recurrent networks evolved by neuroevolutionary architecture search, evaluating each on forecast accuracy and on the net return of a daily long/short strategy. All models are fit on a pooled panel, one network trained across the whole universe. Across four mid-cap portfolios and three trading years, the evolved networks rank first on both forecast accuracy and net trading performance, while the second most accurate model loses money once positions are formed and costs are charged. The advantage tracks a horizon match, since rank IC for the evolved networks rises from a one-day to a ten-day scoring horizon while every model above 300 parameters declines. They are also the cheapest end to end: a CPU-only search of 16 minutes yields 66-weight networks that predict in 10.8~$μ$s on a Raspberry Pi Zero, against transformer baselines of up to 817,153 parameters that require GPU training."
TTNet: Multi-Task Deep Learning for Table Tennis Player Analysis with Smart Racket,"The AI CUP 2025 Precise Analysis of Table Tennis Smart Racket Data Competition introduced smart table tennis rackets that collect extensive player swing data, enabling research on table tennis big data. These data support in-depth analysis of players' return techniques and swing-force consistency, improving the accuracy of player skill assessment. This study focuses on six-axis sensor data collected by smart table tennis rackets and proposes TTNet, a novel deep learning model with multitask learning capabilities, to advance table tennis data analysis and related applications. TTNet combines convolutional neural networks (CNNs), residual networks (ResNet), and self-attention mechanisms to simultaneously predict four player attributes: gender, playing hand, years of experience, and skill level. We adopt a two-stage training strategy that incorporates data augmentation and task-specific loss functions to improve generalization on imbalanced data. Our approach achieved second place on the official competition leaderboard."
Do I Need the Cloud? Uncertainty-Aware Step-Level Handoff for Small Language Model Agents,"Small language models (SLMs) are attractive as local agent controllers because they reduce remote inference, latency, and deployment footprint, yet structured tool errors can cause an agent step to fail. Existing routers typically select a model once per query. However, agents expose sequential decision points whose difficulty dynamically changes based on intermediate observations. We propose STEPGATE, an uncertainty-aware handoff framework that scores each local SLM action and selectively escalates challenging steps to a stronger model. On a 52-task held-out single-step BFCL-derived test split, the Qwen2.5-1.5B/7B pair attains 82.7% task success with 30.8% escalation, versus 67.3% local-only and 75.4% random escalation (which uses 33.8% escalation). In a separate multi-turn evaluation, STEPGATE achieves 69.0% trajectory success and 84.0% action success using only 30.0% cloud actions, compared with 48.0%/70.5% local-only, 60.0%/78.2% random escalation, and 57.0%/77.1% query-level routing (strong-only achieves 82.0% trajectory success at 100% cloud actions). These results suggest that step-level escalation recovers a large share of the performance gap to the stronger Qwen2.5-7B backend at a matched cloud-action rate while transmitting fewer tokens remotely. However, our evaluation is limited to one model family, a single stronger backend, and scripted tasks. Furthermore, the test sets are small, multi-turn comparisons rely on paired intervals and statistical tests, and our risk tiers serve as research annotations rather than formal safety guarantees."
MASKerade: Token-Routed Mask Experts for Dense-to-MoE Upcycling,"Sparsely activated Mixture-of-Experts (MoE) models increase model capacity without a proportional increase in per-token computation. Dense-to-MoE upcycling reuses pretrained dense models to construct such systems, commonly by copying feed-forward networks (FFNs) into independently trained experts. We introduce MASKerade, a dense-to-MoE training method that instead learns experts as sparse subnetworks of a frozen pretrained FFN. Each expert is defined by a learned binary mask, and a token-level router selects which masked FFNs to execute and combine. The router and mask scores are optimized jointly, while the underlying FFN weight values remain unchanged. This formulation supports neuron-structured, semi-structured, and unstructured experts within the same routing architecture. Our main configuration uses four 2:4 experts with top-2 routing, where two half-dense expert passes have the nominal FFN arithmetic of one dense pass, without requiring independent expert weight matrices. On five vision-language benchmarks with Qwen and Gemma backbones, this configuration achieves the highest performance among the compared baselines. Comparisons across mask granularities, routing interventions, and compute-matched controls distinguish the effects of learned connectivity from expert activation count. These results establish mask learning over frozen weights as a practical alternative for constructing token-routed MoE experts."
Common-Mode Errors Limit Low-Timestep Deep Spiking Q-Networks,"Spiking neural networks (SNNs) offer sparse and event-driven computation, making them attractive for energy-constrained reinforcement learning (RL) on edge devices. In value-based RL, deep spiking Q-networks (DSQNs) combine such efficiency with action-value estimation for decision making. However, existing DSQNs often require multiple simulation timesteps for competitive performance, increasing computational and energy costs, whereas reducing the timesteps can cause substantial performance degradation. We investigate this degradation from the perspective of Q-value estimation errors. By decomposing errors across actions into common-mode and differential-mode components, we find that low-timestep DSQNs suffer disproportionately from common-mode errors shared across action values, which are particularly detrimental to temporal-difference learning through bootstrapped targets. Based on this finding, we propose Common-Mode Compensation Deep Spiking Q-Network (CMC-DSQN), which uses an auxiliary ANN to compensate for common-mode errors in the SNN outputs. At inference, greedy action selection can be performed directly from the SNN outputs, allowing the auxiliary ANN to be completely removed and preserving the energy efficiency of SNNs. Extensive experiments on Atari and MiniAtar environments demonstrate substantial performance improvements under low-timestep settings. CMC-DSQN outperforms state-of-the-art DSQN baselines by nearly $20\%$ at $T=2$ and further surpasses the ANN baseline at $T=4$."
Adaptive Mean Estimation by In-Context Learning: A Gradient-Flow Analysis,"Prior Fitted Networks (PFNs) such as TabPFN now rival established statistical procedures across prediction and estimation tasks. A natural explanation is that PFNs have the property of statistical adaptivity, that is, they perform nearly as well as a method tailored to the true data-generating model for a heterogeneous set of models, while not being told which model the data comes from. We study how such adaptivity is learned in a controlled location-estimation problem. Each task is an unlabeled sample whose family is hidden: Gaussian data call for averaging, with error of order $n^{-1}$, whereas uniform data are best estimated from their extremes, at the faster rate $n^{-2}$. We also provide the example of a symmetric Gaussian mixture, for which a rate of $σ^2_n/n$ can be attained. On scalar inputs, softmax attention computes the derivative of the empirical cumulant-generating function. A single primitive therefore both supplies features that distinguish the families and forms estimators interpolating between the sample mean and the mid-range. We combine attention experts through either a softmax mixture of experts or a gated linear unit (GLU), and analyze stagewise gradient flow. With $\widetildeΩ(n^{1+ε})$ pretraining tasks, the learned estimator is asymptotically efficient on Gaussian tasks, within a factor $n^ε$ of the minimax rate on uniform tasks, and order-optimal on mixtures in a shrinking-variance regime. These guarantees extend to new locations and longer contexts. A risk decomposition separates expert error, routing error and normalization error, which clarifies the architectural contrast. Softmax gating enforces normalization and exact translation equivariance, whereas the GLU must learn it: its dynamics separate into fast bias removal followed by slow expert selection. End-to-end experiments recover the predicted specialization."
Towards One-for-All Foundation Model for Attributed Graph Clustering,"Attributed graph clustering aims to discover node groups by jointly exploiting node attributes and graph topology, yet its unsupervised nature makes model selection and adaptation inherently difficult. Existing methods typically train and tune a separate model for each input graph, leading to costly and fragile pipelines that often fail to transfer across graphs with different feature spaces, structural patterns, and attribute-structure correlations. In this paper, we study a one-for-all alternative: can a single model be trained once and directly applied to diverse attributed graphs without graph-specific training, fine-tuning, or hyperparameter search? We propose OFAG, a foundation model for attributed graph clustering. Building upon Prior-data Fitted Networks, OFAG learns a reusable clustering inference strategy from synthetic attributed graphs generated under broad priors over latent clusters, node attributes, and graph structures. To handle incompatible feature spaces across graphs, OFAG adopts a dimension-agnostic signal-wise graph encoder that treats each feature channel as a graph signal and models its response to shared graph filters. The model is trained with a hyperspherical clustering objective, producing clustering-friendly node representations in a single forward pass at inference time. On ten datasets, one frozen OFAG model achieves the best mean performance and average rank across NMI, ACC, ARI, and F1, while completing all ten datasets in 12.43 minutes total---over 6* faster than the second-fastest baseline and nearly 28* faster than the second-best on clustering quality. Our code and pretrained checkpoint are available at https://github.com/Cloudy1225/OFAG, allowing practitioners to directly apply OFAG to their own attributed graph datasets without additional training or tuning."
Cite What You Explore: Budget-Aware LLM Reasoning over Medical KGs with Verifiable Evidence,"Post-discharge risk prediction from electronic health records (EHRs) is difficult because many dependencies that link discharge-time observations to downstream complications, such as comorbidity cascades and drug-disease interactions, are absent from the record. External medical knowledge graphs (KGs) can supply these missing dependencies, but tracing them demands three properties: KG exploration must remain cost-bounded, retrieved evidence must be differentiated by source quality, and the resulting rationale must be citable for retrospective review. Large language models (LLMs) can plan and verify over structured evidence, making them natural candidates for KG reasoning, but existing LLM-based methods do not satisfy these three properties jointly. In this paper, we propose BAR, a Budget-Aware LLM Reasoning framework over medical KGs with three contributions. First, BAR refines the raw KG into disease-specific evidence graphs whose edges carry support scores and provenance records, turning the KG into a quality-annotated reasoning space rather than a static feature source. Second, an LLM then reasons over this graph through a plan-navigate-verify loop that decomposes the question into steps, retrieves evidence under a patient-specific budget, and revises when verification fails. Third, a reasoning policy is trained with a reward that compares predictions with and without acquired evidence, combined with acquisition cost and citation-integrity terms. Across 8 diseases and 3 prediction horizons on MIMIC-III and MIMIC-IV, BAR improves AUPRC by 3.4 points over the strongest baseline, raises citation precision from 59.8% to 77.9%, and consumes only 62-65% of the budget cap."
Neuromotor Hierarchy Network: Physiological Inductive Biases for Robust Generalization in sEMG Decoding,"Surface electromyography (sEMG) provides a wearable, noninvasive interface to neuromuscular activity for movement decoding and human-computer interaction. Population-scale decoding remains difficult because the relationship between sEMG and neuromuscular activity varies across users and sessions, while task-relevant dynamics span channels and multiple timescales. Learning waveform-to-output mappings from task labels leaves the distinction between recording variability and coordinated motor activity implicit. We introduce the Neuromotor Hierarchy Network (NHN), which learns a compact latent neuromotor state from task supervision to represent task-relevant neuromuscular coordination. NHN constructs this latent state through a hierarchy inspired by neuromotor organization.It adapts recording statistics while preserving relative intensity.Its spatiotemporal encoder uses parameter-efficient channel interactions and modulates features with multi-timescale history. The resulting features yield candidate activations of learned motor primitives, which are temporally integrated and continuously weighted to form the state. Theoretical analysis characterizes the efficiency, temporal behavior, and optimization of NHN's core mechanisms. We evaluate the architecture for both continuous hand-pose estimation on emg2pose and touch-typing recognition on emg2qwerty. On emg2pose, NHN reduces user-averaged angular error by 0.52% to 2.84% across all three generalization splits in both Regression and Tracking relative to Hadidi et al.'s best task-specific variants, using 48.42% to 48.51% fewer parameters. On emg2qwerty, NHN reduces beam-search character error rate by 19.40% zero-shot and 30.42% after fine-tuning relative to SplashNet-Upscale, using 65.86% fewer parameters. Physiology-guided inference of a latent neuromotor state supports parameter-efficient sEMG decoding."
Mathematical Invariant-Enabled Topological Neural Networks for Molecular and Materials Property Prediction,"Existing molecular and materials learning approaches often rely on a limited set of structural representations, which may capture only selected aspects of complex three-dimensional structure. Here, we introduce mathematical invariant-enabled topological neural networks (MITNNs), a framework that represents complex structures through multiple complementary mathematical views and integrates them with topological neural architectures. MITNNs combine multiscale invariants from topology, spectral theory, commutative algebra, differential geometry, and discrete curvature, capturing complementary structural information from the same system. Systematic invariant-subset, architecture-subset, and ensemble analyses show that predictive performance depends on how mathematical representations and neural architectures are paired, with selected combinations outperforming individual models and the aggregation of all available components. Across protein-ligand binding, metal-organic framework properties, mutation-induced protein solubility, and molecular toxicity prediction, MITNN consistently outperforms existing methods. These results establish MITNN as a mathematically multimodal framework for scientific machine learning."
WASD: Wasserstein-based Knowledge Distillation for Large Language Models,"Autoregressive large language models (LLMs) have rapidly advanced in capability, but their increasing scale comes with substantial computational and memory costs at inference time. Knowledge distillation (KD) offers a practical solution by transferring knowledge from a large teacher model to a smaller student model via alignment of discrete probability distributions. However, existing KD methods for LLMs primarily rely on divergences that evaluate discrepancies through probability values at each vocabulary index, without explicitly leveraging token-level semantic information. We propose Wasserstein-based knowledge distillation (WASD) for LLMs, which incorporates token-level semantic information via the Wasserstein-based distance with a cost matrix derived from token embeddings. To ensure computational tractability, we adopt the Sinkhorn divergence and derive a gradient-equivalent objective that can be efficiently optimized without introducing additional networks. Experiments across multiple LLM families and scales show that WASD consistently improves distillation performance on diverse tasks, including instruction following, mathematical reasoning, and code generation. Our results highlight the importance of semantic information encoded in the token space for effective distribution alignment in LLM distillation. The implementation is publicly available at https://github.com/aailab-kaist/WASD ."
Uniform Discrete Diffusion Models are Minimax Optimal for Estimating Distributions with Small Effective Support Size,"Discrete diffusion models have emerged as a practically successful framework for generative modeling on discrete product spaces, yet their statistical generalization properties remain poorly understood. Discrete real-world data such as text or biological sequences often concentrate on a small fraction of the astronomically large ambient space because of semantic or physical constraints, but existing bounds fail to capture this distributional structure and instead scale with the size of the ambient space, giving rise to almost vacuous error bounds. We address this gap for uniform discrete diffusion, one of the two dominant discrete diffusion paradigms alongside masking diffusion, by deriving statistical guarantees governed by the effective support size $s_n(P_0)$, a sample-size-dependent measure of distributional complexity. Given $n$ independent and identically distributed (i.i.d.) samples from an unknown data distribution $P_0$ on $[K]^d$, we show that, with appropriate choices of network size and hyperparameters, the expected total variation (TV) loss scales as $O(\sqrt{s_n(P_0)/n})$, while the expected Kullback--Leibler (KL) divergence is bounded by $O(\frac{1}{n}s_n(P_0)\log(eK^d/s_n(P_0))\log n)$. Furthermore, we show that the TV rate is minimax optimal and that the KL rate is minimax optimal up to a factor of $\log n$. Together, these upper and lower bounds show that uniform discrete diffusion successfully avoids the curse of dimensionality for distributions with small effective support size: the TV error rate depends on the ambient state-space size only through $s_n(P_0)$, while the corresponding KL rate incurs only an additional logarithmic dependence on the ambient state-space size."
Asymptotic Analysis of Empirical Risk Minimization on Entry-wise i.i.d. Heavy-Tailed Data,"Many real-world datasets exhibit unusually large values far more frequently than predicted by Gaussian models. Heavy-tailed distributions capture this behavior, yet evaluating learning performance under them remains challenging because rare, large feature entries retain non-vanishing effects even in high dimensions. Even in the canonical setting of empirical risk minimization for linear regression with entry-wise i.i.d. symmetric $α$-stable data, a precise asymptotic characterization of prediction has been lacking. In this work, we introduce a functional order parameter that describes the random effective problem associated with each coefficient. Using the replica method, we fully characterize the generalization error in the proportional high-dimensional limit where the sample size and feature dimension diverge at a fixed ratio. Additionally, this analysis establishes a heavy-tail universality law, scaling laws relating typical errors to prediction reliability, and the Bayes-optimal prediction error. In addition to characterizing the effects of extreme entries on the learning process, our method applies broadly to other systems with persistent local heterogeneity."
Complementary Supervised and Self-Supervised Representations for Out-of-Distribution Graph Learning,"Out-of-distribution (OOD) generalization remains challenging for graph neural networks (GNNs), as graph distributions can vary substantially across time and domains. Supervised and self-supervised graph representation learning are guided by distinct objectives and offer different perspectives on graph representations. In this work, we study whether self-supervised representations (SSL) can provide complementary signals to improve supervised OOD node classification. We develop two backbone-agnostic frameworks that exploit such information at different stages of learning and prediction. Co-Train jointly learns supervised and SSL representations and adaptively integrates them during training, while Dual-Space Retrieval performs non-parametric prediction in the two representation spaces and combines their predictions through confidence-aware fusion at inference time. The supervised and SSL encoders are separately parameterized and need not share the same GNN architecture.
  We evaluate multiple GNN backbones and two distinct SSL objectives, DGI and GRACE, on four graph benchmarks spanning temporal and cross-domain distribution shifts. Extensive experiments show that Co-Train consistently outperforms strong supervised OOD baselines, while Dual-Space Retrieval achieves competitive performance as a flexible non-parametric alternative. Results across different backbones and SSL objectives, together with representation analyses and ablations, demonstrate that SSL representations provide complementary information to supervised representations and can improve OOD node classification across diverse settings."
Learning Grasp Targeting from Point Clouds for Log Pile Clearing on a Hydraulic Crane,"In mill yards, log loaders clear dense piles by a sequence of bundle grasps: hundreds of logs rest in contact, and each removal changes the pile available to the next grasp. A learned policy chooses where to place and orient the grapple from unsegmented point clouds and runs on a trailer-mounted hydraulic forestry crane. The policy classifies at which observed point to grasp and predicts depth and grapple orientation there. The same network outputs support behavior cloning (BC), reinforcement learning (RL), and deployment. BC learns from successful top-of-pile demonstrations; RL explores for improvements by fine-tuning the cloned policy (BC$\to$RL) or by training from scratch. In simulation, BC clears 98 of 100 piles of 200 logs, while BC$\to$RL improves load stability. Twelve field trials compare a geometric heuristic, RL from scratch, BC, and BC$\to$RL through complete grasp-transport-deposit cycles. BC and BC$\to$RL deposit 93.8% and 88.9% of pooled inventory, against 80.4% for the heuristic. BC$\to$RL deposits logs on 83.6% of its cycles, against 79.6% for the heuristic and 65.7% for BC, while its simulated stability gain does not carry over to the crane testbed. Trained entirely in simulation and run unchanged on the crane, the learned policies clear more than the hand-filtered heuristic while observing unfiltered clouds that still contain the storage rack's rails and poles."
A Neural JKO Scheme for Hellinger-Kantorovich Gradient Flows via Monge-Growth Pairs,"We develop a mesh-free neural JKO scheme for advection-reaction-diffusion equations with a gradient-flow structure in the Hellinger-Kantorovich (HK) geometry of unbalanced optimal transport. Each update is parametrized by a spatial map and a mass-changing factor, allowing spatial redistribution and local mass creation or loss to be treated jointly within a single variational step. Their cone action bounds the squared HK distance from above, yielding a sufficient condition for discrete energy dissipation through comparison with the identity pair. Minimizing the pair objective over all admissible pairs recovers the exact JKO minimum when the source and a minimizer have positive densities. We establish existence and mass bounds for JKO minimizers and, under additional assumptions, obtain positivity and regularity together with a discrete Euler-Lagrange equation and a metric-dissipation identity. The self-consistent chemical potential is then nonincreasing along an optimal map. There exist parametric pairs whose endpoint densities and objective values converge to those of an exact JKO minimizer, provided a regular-pair approximation hypothesis holds. Finally, we show that a primal-dual gap controls objective suboptimality and, for Boltzmann entropy, the $L^1$ density error, assuming exact-step regularity, positive-semidefinite interactions, and global dual feasibility. Numerical experiments examine pointwise agreement with the PDE, energy dissipation, and the roles of transport, reaction, and fully implicit interactions."
Learning a Mixture of GFlowNets,"Learning an ensemble of GFlowNets to sample from a discrete target distribution has become a common approach for achieving better state space exploration and convergence than that of a monolithic sampler. However, these methods often add a substantial runtime overhead to the base model, and their conceptual connection remains elusive. To address this, we first propose a general-purpose theoretical framework for describing a mixture of GFlowNets, which we specialize into continuously (CI) and discretely indexed (DI) collections. On the one hand, we show CI GFlowNets can be interpreted through the lens of a random features expansion, provably boosting the sampler's expressivity in graph-structured tasks and reducing learning instability via spectral shifting. On the other hand, we demonstrate DI GFlowNets encompass prior approaches for GFlowNet training and provide the foundation for the newly proposed Stratum-Conditioned (SC) GFlowNets. This method, which is inspired by the Doob's h-transform of Markov chains, decomposes the state space according to a prescribed modular function and restricts each component to sample from a distinct subset of it. Importantly, SC GFlowNets support centralized and component-wise embarrassingly parallel training, and we show both of them significantly speed up learning convergence and mode coverage without introducing any non-negligible extra computation."
Foundation Model-Aided Multi-Agent Reinforcement Learning for Wireless Random Access Network Optimization,"Random access (RA) is one of the most foundational medium access control (MAC) layer scheduling schemes for handling unpredictable data traffic from multiple terminals. While multi-agent reinforcement learning (MARL) has been explored to optimize RA-based wireless networks, its reliance on experience-driven, distributed policy learning incurs significant training overhead for each optimization task, limiting its feasibility in real-world applications. In this work, we propose to leverage a foundation model (FM) to improve MARL efficiency across diverse RA network optimization tasks. Specifically, we design an FM-aided actor-critic algorithm within a consensus-based decentralized MARL architecture and provide its convergence analysis under local reward exchanges and nonlinear value function approximations to show that our algorithm achieves the same convergence order as the conventional MARL with critic model exchanges and linear approximations. Our numerical results show that our FM-based approach significantly enhances MARL speed for RA network optimization."
Targeted search shows that random-device testing underestimates worst-case error in a simulated wave-based neural operator,"Wave-based processors promise fast, energy-efficient Fourier layers for neural operators. They are usually validated on randomly sampled devices, but using them requires knowing how large their error can become under fabrication and alignment variation. In a stylised numerical case study, a hybrid Fourier neural operator runs its four spectral layers on simulated coherent 4f processors with 32 toleranced knobs, whose half-widths are representative rather than calibrated. For 120 models (four tasks, six training methods, five seeds), we compared the worst of N random in-spec devices with a searched one. On a deterministic simulator with one frozen draw of the random static errors, the searched device's held-out error was 1.08-3.10 times the maximum over 200 Monte Carlo devices and 1.06-2.71 times that over 1000. With 20 fresh static draws, it still exceeded the maximum over 200 random devices in 116 of 120 models. Under uniform sampling, the probability of drawing such a device is at most 0.37% per model (two-sided 95% Clopper-Pearson), which says nothing about how large its error is. The gap persisted with uniform or Sobol' sampling at the search's budget, shared knobs, a second crosstalk model, box scales of 0.25-2 and a pixel-level device model. Models trained only with random static errors reached 3.7-39.9 times their nominal error on searched devices, and fine-tuning on random and gradient-searched devices gave the lowest searched error of the six in all 20 task-seed pairs. For two heat-exchanger quantities, a search targeted at each exceeded the worst of 1000 random devices in all 39 models, and hence the Wilks 95/95 limit (worst of 59). For the mean pressure of 11 models, no random device exceeded a 1% error threshold, but the searched device did. Random testing estimates how often errors exceed a threshold; worst-device search gives a lower bound on how large they can be."
Two-Sample Testing for Random Graphs without Vertex Correspondence,"Two populations of graphs often have to be compared without any correspondence between their vertices, for instance when networks come from different communities, or when a graph generative model is evaluated against held-out graphs. We study how many graphs such an unaligned two-sample test needs, and which graph statistics can detect which differences. For an Erdős--Rényi null and a planted two-block difference that leaves every expected degree unchanged, we show that $m\asymp t^{-3}$ graphs per group are necessary and sufficient when the per-graph signal-to-noise ratio is $t<1$. Signed triangle counts attain this rate, and the lower bound holds for every graph size. With aligned vertices $m\asymp t^{-1}$ graphs suffice, so misalignment costs a factor of order $t^{-2}$. When the triangle signal cancels, the rate becomes $t^{-4}$ and $4$-cycles are needed. Statistics built from trees have exactly the same expectation under both hypotheses, and tests based on finitely many of them have asymptotically no power. In the graphon limit, this class includes degree distributions and message-passing graph neural network features. For a non-constant null, a generic difference is visible at first order, and a simple motif test attains the aligned order of sample size, suggesting that misalignment is costly mainly for differences that are invisible at low orders. We also give an exactly valid test for one or two graphs per group, at a cost in power. In our simulations, the fitted exponents are close to the predicted ones, and degree-based and random-GNN evaluation metrics stay at their level in a setting where signed triangles need about $65$ graphs."
Deep Defence on Wheels: A Dual Intrusion Detection System Architecture for Comprehensive In-Vehicle Network Security,"Increasing connectivity to the outside world and the lack of inbuilt security mechanisms have made legacy intra-vehicular networks vulnerable to cyberattacks. Initial research focused on maximising detection accuracy for known and unknown attacks, often using large, full-precision machine learning models. However, embedding IDSs into vehicular electronic systems also requires low detection latency, energy efficiency and minimal electronic control unit (ECU) resource overhead to process about 2,000 CAN frames/s. Lightweight models must balance accuracy with these deployment constraints. We propose a dual IDS framework comprising supervised and unsupervised learning-based solutions, each optimised for real-time, resource-constrained automotive platforms. A quantised LSTM-based IDS (QLSTM-IDS) achieves over 99.9% detection accuracy for DoS/Flooding, Fuzzing and Spoofing/Malfunction attacks using a single model architecture evaluated on two widely used datasets. The model is trained using the Brevitas quantisation-aware training library, transformed into a dataflow accelerator with custom blocks compatible with AMD's FINN toolchain, and synthesised using Vitis HLS. Complementing this, an 8-bit quantised convolutional autoencoder-based IDS (QCAE-IDS), quantised using AMD's Vitis-AI toolchain, detects previously unseen anomalies that alter CAN-ID sequence patterns with over 99% accuracy. An integration architecture enables both models to operate on a single FPGA, bridging the network interface IP and processing system to minimise software overhead. QLSTM-IDS achieves 0.25 ms inference latency and 0.8 mJ energy consumption per message, while QCAE-IDS achieves 0.42 ms and 1.1 mJ per block. Both solutions are deployed and evaluated on the ZCU104 SoC (XCZU7EV FPGA), demonstrating a flexible hardware/software co-design for real-time detection of known and unknown attacks on high-speed CAN buses."
Interpretable Hypergraph Learning via Neural Additive Models,"Hypergraphs offer a natural framework for modeling networked data, where dependencies among entities are governed by higher-order interactions. While hypergraph learning methods such as hypergraph neural networks have demonstrated remarkable predictive performance, most existing approaches rely on black-box message-passing architectures, making it difficult to disentangle the contributions of node attributes and higher-order structural information. To address this challenge, we introduce the hypergraph neural additive network (HGNAN), an inherently interpretable framework for learning on hypergraph-structured data. HGNAN extends classical neural additive models to higher-order relational data by integrating feature-wise nonlinear decomposition with hypergraph-aware structural aggregation, enabling transparent prediction for both node- and hyperedge-level tasks. Extensive experiments on benchmark datasets demonstrate that HGNAN achieves performance comparable with state-of-the-art hypergraph learning methods while providing intrinsic and meaningful interpretability."
Active Feature Acquisition for Cost-Efficient Temporal Prediction with Reduced Participant Burden,"Accurate forecasting of pathological outcomes is a central problem in psychology. To do so, psychologists often collect intensive longitudinal data. However, in such studies, the desire to acquire a large number of variables for the sake of accurate prediction is often counteracted by the need to minimize participant burden. Acquiring more variables per occasion can yield better predictions, but having too many acquisitions increase the risk of non-response and attrition. Longitudinal Active Feature Acquisition (LAFA) is a principled approach to resolve this conundrum. Instead of requiring responses to every item at every acquisition occasion, LAFA produces a policy that seeks to optimally select dynamic subsets of items to be acquired at each timepoint while preserving our ability to forecast a specific outcome. However, existing LAFA methods are mostly based on Neural Networks (NN) that are difficult to interpret in practice. In this work, we introduce a tree distillation method for learning an interpretable policy from NN-based LAFA networks. We validated our method through both a simulation and an empirical EMA dataset on forecasting daily alcohol consumption. In both cases, we find that we can meaningfully reduce the number of items acquired at each occasion with minimal loss in accuracy. Networks (NN) that are difficult to interpret in practice. In this work, we introduce a tree distillation method for learning an interpretable policy from NN-based LAFA networks. We validated our method through both a simulation and an empirical EMA dataset on forecasting daily alcohol consumption. In both cases, we find that we can meaningfully reduce the number of items acquired at each occasion with minimal loss in accuracy."
Artifact removal improves electrodermal waveforms but not downstream classification in a virtual-reality balance task,"Artifact removal routinely precedes the classification of electrodermal activity (EDA), on the assumption that a cleaner signal supports a better decision. We tested this assumption in a virtual-reality (VR) balance-disturbance task. A residual gating network was trained on a benchmark with expert-corrected EDA, frozen, and applied to VR recordings, where raw and gated signals were classified by five published time-series methods under identical leave-one-participant-out evaluation. On the benchmark the gate detected artifacts well (median record AUROC 0.94) and reduced error inside artifact regions by 17.8%. In the VR task it did not improve classification. Changes in balanced accuracy ranged from -1.35 to +0.93 percentage points, no classifier improved and two lost accuracy, and all five were equivalent to raw input within +/- 3.32 points. The benefit was lost between waveform and decision. The correction that lowered waveform error also reduced skin conductance response detection in all 43 benchmark records. Processing left 92.8% of predictions unchanged, and the predictions it did change were corrected and corrupted at similar rates. The VR recordings also carried little contamination (an estimated 4.6% of samples), and even perfect localization of deliberately injected artifacts recovered only 3.3 points in the most sensitive classifier. A pooled association between artifact level and accuracy (11.3 points) disappeared within participants (0.1 points), showing how differences between people can make cleaning look useful. Preprocessing should be judged by the decision it supports, against an unprocessed arm."
Learnable Spectral Activations,"Implicit neural representations (INRs) are shaped by the spectral structure induced by their input encodings and activation functions. Existing methods improve fitting primarily by modifying which frequencies are available to the network, through coordinate encodings or periodic nonlinearities. However, frequency access is not the only bottleneck: signals with localized or spatially varying structure require the network to efficiently compose frequencies into multi-harmonic internal responses. We introduce learnable spectral activations (LSA), which replace fixed neuron-level nonlinearities with a residual truncated Fourier series whose harmonic amplitudes are learned during training. LSA does not expand the asymptotic function class. Instead, it changes the factorization of the representation: linear weights select features while activation coefficients control spectral shaping, and the two are updated by separate gradients. Because the activation output is affine in the coefficients given fixed pre-activations, spectral tuning becomes a more direct subproblem compared to architectures where it is entangled with feature selection. Empirically, this factorization concentrates more target-signal energy in the leading eigenmodes of the neural tangent kernel, consistent with improved optimization behavior. Across audio, image, neural radiance field, and neural acoustic field tasks, LSA also improves reconstruction quality."
Evaluation of Active Feature Acquisition Policies with Tabular Foundation Models,"Active feature acquisition learns policies that sequentially acquire features to maximize information about a target variable. We study how to learn and evaluate such policies from finite offline data using prior-data fitted networks (PFNs), which are off-the-shelf models that output posterior predictive distributions without task-specific training. We show that under the imbalanced coverage of offline data, using total predictive entropy as a reward creates an epistemic bias that penalizes acquiring sparsely observed features. Specifically, this reward conflates epistemic uncertainty (arising from lack of offline data) with aleatoric uncertainty (arising from uninformative features). To address this, we target the posterior expected (aleatoric) entropy instead of the total predictive entropy output by a PFN for evaluating feature acquisitions. Empirical evaluations on synthetic and real-world datasets demonstrate that our approach consistently reduces value estimation bias and yields credible intervals with strong empirical coverage, which can translate to improved downstream policy selection."
Inference and learning in sparse autoencoders as natural gradient flow,"Sparse autoencoders are widely used to uncover interpretable features in neural networks, yet reliable recovery remains difficult when features overlap or activate infrequently. These challenges involve both inferring which features explain an input and learning the dictionary that represents them. Here, we unify inference and dictionary learning as natural-gradient flows on a shared variational free energy. We instantiate this framework as BeFOND, an encoder-free sparse coding model with closed-form inference and learning dynamics. We show how recurrent explaining away reduces interference between overlapping features, while Fisher preconditioning can compensate for the slow learning of rare features. On synthetic data, BeFOND improves dictionary recovery and rare-feature detection, with a growing advantage over amortized baselines as superposition increases. On language-model activations, it improves single-feature concept detection and selective intervention, outperforming pretrained reference SAEs with substantially less training data. Its feature quality continues to improve with dictionary width, whereas the evaluated baselines largely plateau. Together, these results show how improving inference and learning within a unified probabilistic framework can make better use of data and dictionary capacity to interpret and intervene on neural representations."
HyperNSDE: Personalized Neural SDEs for Joint Static-Longitudinal Clinical Data Generation,"Synthetic patient data generation is a promising solution to the dual challenge of data scarcity and privacy constraints in healthcare machine learning. Realistic synthesis of patient-level clinical data requires jointly modeling heterogeneous static covariates, irregularly sampled longitudinal trajectories, and informative observation times - three tightly coupled components in practice yet rarely addressed together. We propose HyperNSDE, a continuous-time generative model that conditions a latent Neural SDE on static patient representations through a hypernetwork, allowing baseline characteristics to shape trajectory evolution beyond the initial condition without requiring a trajectory encoder, while stochastic latent dynamics capture realistic variability in generated paths. Observation times are modeled jointly through a latent-state-dependent intensity process, and training on irregular stochastic paths is stabilized via a deterministic-stochastic path decomposition with a non-adversarial signature-kernel objective. Experiments on simulated and real clinical datasets show improved observation-time fidelity and competitive performance, while matched-grid analyses reveal that forecasting and correlation metrics are affected by observation-grid regularity and trajectory smoothness."
Stepped MoE: Segment-Level Routing with Configurable Inference Complexity,"Training large language models (LLMs) is resource-intensive, and adapting them for diverse deployment scenarios with varying computational constraints remains challenging. While elastic architectures enable flexible model deployment and sparsely activated models allow input-adaptive computation, existing approaches treat these dimensions independently. Moreover, models catered towards on-device edge inference need to conform to the memory and compute limitations of the serving devices. In this paper, we introduce a unified framework that combines elastic structures with sparsely gated architectures to create models that adapt simultaneously to both deployment constraints and task requirements. Our approach employs a model backbone that conditions on both the context and target efficiency specifications, enabling fine-grained control over the accuracy-efficiency trade-off at inference time. The model learns to activate task-relevant parameters within elastically-nested sub-networks, allowing a single model to span multiple capacity points while maintaining input-adaptive routing. Through experiments we demonstrate that we can create a model that allows the flexibility to use 1,2,3,4 billion parameters while being more accurate than their dense counter-parts (2-5\% on knowledge-intensive benchmarks) and at par with their static versions while delivering similar latency metrics as dense models. Overall, we save on device disk space by sharing the model parameters, allow flexibility of serving based on DRAM and compute available while delivering more accurate results."
Weight Oracles: Reading Neural Network Weights with Language Models,"Interpretability methods for neural networks are predominantly reactive: they analyse activations produced during specific forward passes, requiring known inputs to find hidden capabilities such as backdoors. We propose Weight Oracles, fine-tuned language models that diagnose properties of a target network by reading its raw weights directly, without behavioural testing. We investigate this paradigm in two phases. Phase I establishes feasibility: through a staged curriculum and an external chain-of-computation that delegates parameter-free operations to deterministic code, an explainer LLM learns to simulate the forward pass of small transformers from their weights, achieving 99% holdout accuracy on unseen targets. Phase II repurposes this infrastructure for safety auditing. We train an oracle on natural language diagnostic questions about weight anomalies using only benign pathologies as training signal, and evaluate it zero-shot on backdoors absent from training. The oracle achieves AUROC 0.93 on attention-routed backdoors and 0.81 across a diversified threat distribution including stealth and adversarially regularized variants. Hand-crafted statistical detectors are sharp on the threat models they implicitly target but collapse on threat-model shift, while the oracle remains uniformly competent across attack types. Scaling to realistic model sizes remains the principal open challenge."
Scale-Invariant Training for Time Series Foundation Models,"Time series foundation models (TSFMs) are trained on large collections of time series datasets that span various morphologies and domains. This setting exposes models to series whose scales -- typical magnitudes of their values -- can differ substantially. Affine scaling methods such as Reversible Instance Normalization (ReVIN) scale model inputs and reverse the transform before computing the loss. We show that this inversion multiplies each series' gradient by $b^p$ relative to loss on scaled targets, where $b$ is the scaling denominator (e.g., standard deviation) and $p$ is the loss degree. We call this scale-contaminated training (ScaleCon), because the scale of each series consequently becomes an importance weight, causing high-scale series to dominate training. For any scale-equivariant scaler and residual loss that is homogeneous of degree $p$, including MSE, MAE, and Quantile Loss, we prove that computing loss on scaled targets makes every mini-batch gradient and, consequently, the full optimization trajectory invariant to arbitrary independent rescaling of the training series, yielding scale-invariant training (ScaleIn). Notably, existing TSFMs use both objectives, with neither consistent reporting nor a common convention on how to compute training loss. We isolate the convergence disparity induced by ScaleCon and its correction under ScaleIn in controlled studies on synthetic and real data. In pretraining across four TSFM architectures, ScaleIn lowers MASE in all 24 architecture-benchmark comparisons, with average reductions across TSFMs of 18.8% on GIFT-Eval and 21.9% on the M-competitions. The gains extend to supervised neural forecasting, where it lowers MASE in 16 of 20 matched settings. Most existing time series forecasting pipelines can adopt ScaleIn with a one-line code change."
Lock-in EP: An In-Situ Training Algorithm for Oscillatory Hardware,"Analog hardware platforms offer the potential to reduce energy consumption over digital architectures, but in order to succeed, large-scale analog systems must also be able to operate with or recover from the variability of their components. Towards this goal, we derive and demonstrate the lock-in equilibrium propagation (LIEP) training method. LIEP provides local gradient information for each component in an oscillatory network without separate forward and backward sweeps, potentially allowing for in-situ learning capabilities on analog oscillatory hardware platforms. We demonstrate that LIEP can be used both for ab-initio training as well as recovering performance when pre-trained parameters are perturbed. We show that LIEP can be formulated as a three-factor update rule, and suggest that although the method is currently only validated on shallow networks, alternate architectures may allow it to extend to deep and large-scale networks addressing complex tasks."
Algorithmically Aligned Neural Agglomerative Tree Construction,"Linkage algorithms for hierarchical clustering (HC) are a powerful and efficient framework for constructing clustering trees, yet it is often unclear which merge rule best suits a given dataset or task. In contrast, neural approaches can learn from data, but often fail to retain the efficiency and size generalization of classical algorithms. We introduce NN-linkage, a neural network (NN) model that can learn task-specific and locally dependent merge rules while retaining the recursive structure and efficient inference of classical linkage algorithms. In particular, our model is algorithmically aligned with the Lance-Williams (LW) recurrence, a parameterized framework for defining a broad, continuous family of linkage rules for agglomerative HC. Classical methods such as single linkage (SL), complete linkage (CL), and average linkage arise as discrete choices within this broader family. We show that NN-linkage is a universal approximator for continuous linkage functions, including LW recurrences, and, when paired with a transformer encoding, can also approximate globally dependent rules such as robust single-linkage. We further show that NN-linkage can exactly implement any symmetric constant-coefficient LW recurrence across all input sizes. On the empirical front, we evaluate NN-linkage in real-world applications, clock-tree routing and phylogenetic reconstruction, using both synthetic and real datasets, demonstrating its effectiveness over both classical algorithms and other neural approaches. By learning merge rules directly from target trees, NN-linkage extends efficient HC to scientific and engineering objectives not adequately captured by existing hand-designed linkage rules."
Lineage-Aware Memory Governance: A Derivation-Gated Framework for Privacy-Preserving Column-Level Access Control in Enterprise AI Agents,"Enterprise AI agents that share a memory store face two unaddressed risks: sensitive data can leak through legitimately computed results the requester could not derive, and departments can silently compute a same-named key performance indicator (KPI) through conflicting logic. Existing agent-memory systems (e.g., MemGPT, Zep, A-MEM) gate retrieval by content, ownership, and role, not derivation, missing a cached insight that embeds a forbidden column. We introduce the Analytical Memory Unit (AMU), a memory schema that attaches a full derivation (lineage) graph to every cached result, gated by a retrieval policy that serves a hit only when the requester is authorised for every column touched. Provided lineage recording is complete, we prove by construction that the policy blocks retrieval of results derived from a sensitive column outside the requester's permissions, at O(n) worst case -- a conditional design guarantee, not an empirical claim, that excludes derived features encoding sensitive information without naming their source. Eliminating measured leakage required 75-90% recorded lineage completeness, so we treat 90% as a conservative deployment target. Across six experiments, lineage-gated retrieval removes the 18.8-25.5% cross-department leakage naive content-gated memory suffers, keeping 81.5-82.6% of memory reuse at 13.8 microsecond worst-case overhead. A real-agent proof-of-concept with LLM-generated SQL is consistent with the guarantee: zero leaks over 9 round-trips, two conflicts caught automatically -- though a feasibility demonstration, not evidence of production viability. This offers a practical governance layer for shared agent memory, complementing source-layer access control and supporting EU AI Act compliance."
Neural Algorithmic Reasoning for Graph Saddle Point Problems,"Neural algorithmic reasoning, or aligning a neural network with an algorithmic paradigm, has emerged as an approach to solving polynomial-time-solvable and computationally harder combinatorial optimization problems. We propose a new message-passing framework based on the Chambolle-Pock Primal--Dual Hybrid Gradient (PDHG) method called \textsc{GraphPDHG} for solving general graph saddle-point problems. Theoretically, we show that \textsc{GraphPDHG} can efficiently solve a family of graph saddle-point problems by simulating PDHG. We also show that our network can learn an accelerated PDHG algorithm. Experimentally, we support our results on accelerated PDHG by evaluating the performance of our model as a learned warm start for second-order optimization techniques (SSNAL). We also show that alignment with PDHG leads to stronger size generalization than non-aligned graph neural network (GNN) baselines. Overall, we propose a novel architecture for solving a general family of optimization problems on graphs."
Neural Fields Encode Adaptation Geometry,"Neural fields are usually evaluated by how well they reconstruct an observation. We show that this misses two useful properties of a fitted network: how easily it can adapt to new observations, and what its weights retain from earlier ones. We study these properties as adaptation geometry. For images, we meta-learn class-specific initializations, adapt each one to a new image, and measure how much the network must change to fit it. A simple local linear model closely predicts this adaptation cost, while replacing one network's tangent kernel with another's substantially worsens the prediction. Adaptation thus depends on the local geometry of the fitted network, not only on its current reconstruction. For physical fields, we repeatedly fit the same network to observations from a sequence. Its weights then retain information about that history. When two wave histories end at exactly the same observation, the final weights recover the sign of the wave velocity with 68.6% accuracy, whereas the current observation alone contains no such information and gives 50%. These two phenomena are quantitatively linked: tangent-kernel eigenvalues predict both which changes are easy to learn and how quickly they are overwritten by later fitting. Together, these results show that neural fields contain useful information beyond what they currently reconstruct: in how they can change and in how they got there."
Hybrid Cross-Modal Attention Network for Early Breast Cancer Detection in Low-Resource Clinical Settings,"Breast cancer is the leading cause of cancer-related mortality among women in Sub-Saharan Africa, where delayed diagnosis results from limited radiology expertise and fragmented clinical data systems. Although deep learning models have demonstrated strong performance in mammographic analysis, most rely solely on imaging data and are trained on Western populations, limiting their applicability in African healthcare settings. This paper presents a Hybrid Cross-Modal Attention Network (HCMAN) that integrates mammogram images with structured clinical data using transformer-based cross-modal attention mechanisms. The model was developed and validated using a locally collected dataset of 2,560 mammogram images from 1,024 patients across four Ethiopian referral hospitals, with biopsy-confirmed ground truth labels. The proposed framework achieves 97.8% accuracy, 97.2% sensitivity, 98.3% specificity, and an AUC of 0.987, significantly outperforming image-only baselines. The system demonstrates robustness to low-quality images typical of resource-limited settings, with only 3.2% performance degradation compared to 8.7% for image-only models. Cross-modal attention analysis reveals clinically appropriate behavior: higher reliance on clinical features for ambiguous cases such as dense breasts and young patients. The model's lightweight architecture enables deployment on standard hospital workstations (<2 seconds inference on CPU). This work advances sustainable, context-aware AI solutions for equitable breast cancer diagnostics in Africa."
"Data, Numbers, and Geometry: Three Tutorials on Numerical Methods, Machine Learning, and Evaluation","We present three practical tutorials on numerical computation and machine learning for mathematical research, developed for the DANGER: Data, Numbers, and Geometry workshop held at the Banff International Research Station in April 2026. The first develops a numerical approach to exterior calculus from pointwise evaluations of differential forms, using a flux formulation of the exterior derivative. Examples in Euclidean space and on the sphere illustrate geometric identities, topological features, and the effects of approximation and finite precision. The second examines how mathematical structure guides neural network design through examples involving elliptic curves, quivers, and a boundary value problem. It explores how architectural choices affect learning and uses interval arithmetic to bound the residual of a trained network over the full interval of the boundary value problem. The third addresses the evaluation and presentation of machine learning results, covering performance metrics, statistical uncertainty, classification thresholds, receiver operating characteristic curves, and accessible figure design. Throughout, the tutorials distinguish numerical agreement, predictive accuracy, structural guarantees, and rigorous bounds as different forms of evidence. Each contribution can be read independently, with accompanying notebooks and exercises that allow readers to reproduce the examples and adapt the methods to other problems."
Constant-Curvature Sliced Gromov-Wasserstein for Heterogeneous Cross-Curvature Alignment,"Recent advances in representation learning have highlighted the utility of constant-curvature models, such as hyperbolic and spherical spaces, for modeling complex data. Mixed-curvature models further enhance this by integrating multiple constant-curvature components. However, these models typically learn each component space independently because spaces with different curvatures are inherently heterogeneous and lack a unified metric. Consequently, they lack explicit mechanisms to enforce geometric consistency across various spaces. Moreover, the problem of comparing probability distributions across mixed-curvature spaces remains unexplored. To compare distributions on heterogeneous spaces, Gromov-Wasserstein (GW) distances provide a principled framework by aligning their intra-space geometries. Building on this, we propose constant-curvature sliced Gromov-Wasserstein (CCSGW), a novel divergence for aligning distributions supported on heterogeneous constant-curvature spaces. We first introduce the missing geodesic-based one-dimensional projections for spherical spaces, and then extend sliced GW to constant-curvature spaces, enabling efficient and principled comparison across manifolds with different curvatures. This formulation preserves intrinsic geometric relationships while avoiding the high computational cost. We provide theoretical analysis showing that CCSGW controls intrinsic geometric discrepancy across heterogeneous spaces, promoting distribution-level geometric consistency. By integrating CCSGW into existing mixed-curvature learning tasks, including graph anomaly detection, graph node classification, and multimodal learning, we observe consistent performance gains across diverse settings."
Interleaved Projected Gradient Descent for Safe Imitation Learning,"We propose an imitation-learning design for neural-network control policies under state and input constraints. Training alternates a standard imitation gradient step with a block of $k$ safety steps that pull the network's actions toward their projection onto the safe set; at run time, the controller is the trained network alone, with no safety filter. We analyze this scheme as inexact projected gradient descent in the space of policy actions. When the projected actions are recomputed at every safety step and each step moves the actions consistently toward the safe set, letting $k$ grow logarithmically yields asymptotic constraint satisfaction on the training states and bounds the distance to the constrained optimum of the imitation loss; with the projected actions held fixed, the same holds only if they are exactly representable by the network. On a nonlinear autonomous racing task, we compare our method with adding a weighted constraint-violation penalty to the imitation loss. With a sufficiently large weight, our method matches the lap time of unconstrained imitation while reducing the fraction of violating episodes from $15\%$ to $1\%$, about six times fewer than the penalty approach at its best weight. Its lap times are less sensitive to the weight, which instead sets how quickly violations vanish during training. In racing, the safety corrections are sparse and the conditions of the analysis do not hold; the gain arises instead through the data collected during training. These gains come at the cost of additional training computation."
Learning to Read the Contextual Tokens in Diffusion Transformers,"Multimodal Diffusion Transformers (MM-DiTs) jointly process visual and textual representations throughout generation. These models repeatedly update the text tokens through multimodal attention, forming dynamic contextual tokens whose function is not well understood. In this work, we introduce a framework for reading this contextual space through natural-language interrogation. We train a lightweight bottleneck network that maps intermediate contextual tokens into the input space of a frozen Large Language Model (LLM), allowing the LLM to answer questions about the emerging image directly from these hidden representations. Our reader reveals that contextual tokens encode a rich, global representation of the emerging scene: generation-specific semantics, including attributes left underspecified by the prompt, are accessible surprisingly early in denoising, while increasingly fine-grained details become readable over time. Remarkably, this information remains decodable even when the MM-DiT receives an empty prompt, showing that contextual tokens accumulate substantial image-specific information from the evolving visual representation itself. We further find that generations with more readable contextual representations tend to receive higher human-preference scores. Building on these observations, we introduce Contextual Alignment, a training technique that explicitly reinforces the visual-semantic information encoded in the contextual tokens, improving generation quality and distributional coverage. Together, our results establish contextual tokens as both an interpretable view into the internal dynamics of MM-DiTs and an effective target for improving generative models."
"A Response Theory Probe for Learned Stochastic AI Simulators, Tested on Lorenz-63","Machine-learning emulators of chaotic and stochastic systems are usually validated on forecast skill and long-run statistics. Neither certifies that an emulator responds correctly to forcing, the property that projection and attribution studies rely on. Linear response theory makes this testable: the forced response follows from unperturbed correlations through a generalized fluctuation-dissipation relation, and decomposes over the stochastic Ruelle-Pollicott resonances of the Koopman generator. Building on the Koopmanism Response framework, we turn this into a calibrated, mode-resolved test for learned surrogates: each surrogate rollout passes or fails each check, and failure rates are compared with those of independent realizations of the true system. On stochastic Lorenz-63, a three-variable toy model, we evaluate SINDy, an MLP, a reservoir computer, a neural ODE and a neural SDE with learned diffusion, over up to 80 rollouts each. A sparse-regression model with the correct library passes every check at rates consistent with the true system. Invariant-statistics fidelity and response fidelity dissociate in both directions: a quarter of reservoir-computer rollouts pass every invariant-statistics check and match the static susceptibility $χ(0)$, yet misrepresent the slow relaxation modes, while the neural ODE and SDE rarely meet the invariant-statistics floor but recover those modes in three quarters of rollouts. As expected of a time-integrated quantity dominated here by fast relaxation, $χ(0)$ does not separate these cases. For a fixed network, the training formulation (one-step drift, flow map, or multi-step through the integrator) decides which of these properties it gets right."
Round-Trip KNN Clustering: multiscale hierarchical cluster detection on directed nearest-neighbour graphs,"We introduce Round-Trip KNN Clustering (RTKNNC), a graph-based method for finding cluster structure at several neighbourhood scales without requiring the number of clusters in advance. Unlike approaches that first make a $k$-nearest-neighbour (KNN) graph undirected, RTKNNC keeps both directions of the neighbour relation: which points a given point selects and which points select it. Incoming selections are treated as weighted votes that help decide which local connections remain visible during a recursive forward-and-reverse traversal. Repeating the procedure for increasing $K$ reveals how groups persist or merge as the neighbourhood scale grows; for the reference inverse-square model before structural refinement, clusters can merge but do not split. Because graph connectivity can occasionally join distinct groups through a sparse bridge or a small region of overlap, we add an optional label-free refinement. It first tests whether an already formed component is better described by two or three Gaussian subpopulations, and accepts a subdivision only when the proposed groups are large enough and consistent with the visible KNN graph. Across eight synthetic datasets and $K=2,\ldots,16$, independent C and Python implementations produced identical partitions in all 120 reference runs. Refinement increased adjusted Rand index from $0.7817$ to $0.9627$ on a variable-density benchmark and from $0.8083$ to $0.9853$ on a sparse-bridge benchmark. Comparisons with seven external clustering methods show competitive performance while preserving a label-free cluster-construction process."
On Learning Optimal Corners in Orthogonal Partially Observable Cooperative Guard Art Galleries,"The CADENCE algorithm solves the Partially Observable Cooperative Guard Art Gallery Problem (POCGAGP) with formal coverage and connectivity guarantees, but leaves unspecified which valid corner each agent should be deployed to, a choice that strongly affects efficiency. We introduce two learned corner-selection heuristics that preserve these guarantees: a CNN scoring candidates on a grid encoding, and a GATv2 network trained with Deep Q-Learning (DQN) on a visibility graph. Across 7,500 runs on random orthogonal environments (50x50 to 250x250), our heuristics outperform baseline CADENCE in both steps to full coverage and peak agent count, with gains growing with scale, and improve on Incremental Self-Deployment (ISDA) baselines in agent utilization while providing guarantees ISDA lacks. Learned corner selection thus improves CADENCE in speed and agent utilization at no cost to its formal properties."
Singular parameters and missing limits in neural PDE solvers,"Neural solvers for partial differential equations (PDEs) can approach an accurate solution while their parameters grow without bound. In such cases, the limiting solution may have no finite representation in the chosen model, leaving the best loss unattained. Our analysis connects missing limits in deep neural tanh- networks to unbounded hidden parameters or increasingly redundant neurons. For a class of models built from translated kernels, we describe the missing functions and recover them by adding kernel derivatives to the model. This completion makes the best approximation attainable under standard assumptions. Numerical studies follow the associated parameter growth and explore how completion affects PDE optimization."
"Hyperbolic Graph Representation Learning: Embed in One Metric, Optimize with Another","Hierarchical graphs embed in hyperbolic space with lower distortion than in Euclidean space owing to its negative curvature. However, their gradient-based learning is hampered at large radii, where the Poincaré ball and the Lorentz hyperboloid models fail numerically. Polar coordinates avoid this problem, but the hyperbolic metric scales the angular step by the hyperbolic sine of the radius, freezing angular motion. We observe that this factor is a choice, silently fixed by existing implementations: the Euclidean tangent parametrization, for instance, uses the radius itself. We show that other choices are not only possible but preferable. They are endpoints of a one-parameter family of optimization preconditioners with curvatures from $-1$ to $0$, while the embedding remains at curvature $-1$. We show that since the Euclidean preconditioner rearranges a layout but refines it poorly, while an intermediate one refines far better once a layout is in place, combining them in two stages reduces the loss on real-world trees by 46-74% over the best single curvature."
Decoupling Time and Space: A Temporally Conditioned Refinement for EEG Source Imaging,"Electroencephalography (EEG) offers millisecond temporal resolution, but inferring underlying neural sources is a severely ill-posed spatial inverse problem. While deep learning has advanced spatial reconstruction, current architectures face a critical dilemma: frame-by-frame models discard vital temporal context, whereas full 4D spatiotemporal networks introduce an architectural trade-off between reconstruction accuracy and inference cost. We propose a novel two-stream framework that explicitly decouples global temporal representation learning from per-time-point spatial refinement. A Transformer-based Temporal Condition Encoder processes the entire EEG sequence via factorized spatiotemporal attention, retaining sensor-resolved features. A fixed inverse then maps these features into source-indexed conditioning for a per-timestep Source-Space Transformer or volumetric convolutional refiner. Extensive evaluations on realistic synthetic data demonstrate that this temporal prior dramatically improves spatial localization, outperforming classical and spatiotemporal baselines, particularly in high-noise and multi-source regimes. Training across diverse leadfields and explicit operator mismatches improves transfer to unseen head geometries and brings template-based reconstruction closer to subject-specific inversion. Furthermore, we apply the model trained only on synthetic EEG data to real-world EEG. A logistic regressor fit on source power differences in eyes-open, eyes-closed conditions successfully decodes age groups."
Out-of-control Hamiltonian Learning,"Learning the Hamiltonian of a many-body system from its dynamics is a central task in quantum science, yet the algorithms with the strongest provable guarantees assume some level of quantum control--fast, arbitrary single-qubit gates interleaved with time evolution, and measurements in arbitrary bases--that is beyond the capabilities of near-term analog quantum simulators. Motivated by analog atom- and ion-based platforms, we study Hamiltonian learning under minimal access models.
  Uniform state preparation and measurements: We first consider the setting where in every experiment, one can rotate each qubit to the same state, perform short-time evolution, and measure every qubit in the same basis. Surprisingly, we show that for generic 2-local Hamiltonians on any interaction graph, all of the parameters can be reconstructed from such experiments.
  Computational basis state preparation and measurements: We then consider a similarly constrained setting, but where state preparation and measurement are restricted to the computational basis. For nearest-neighbor Hamiltonians with only Pauli $X/Z$ interactions, a class which captures contemporary Rydberg atom platforms, we show that over 1D and 2D rectangular lattices, all of the parameters can be reconstructed from such experiments up to unavoidable gauges.
  Our protocols introduce new techniques for solving structured polynomial systems over an extensive number of parameters. Taken together, our results suggest that one can learn a great deal from the dynamics of quantum many-body systems even under the most stringent experimental constraints."
Reading the Mood: Emotion-Guided Book-to-Music Recommendation via CGANs and LLMs,"Background music that matches the mood of a text has been shown to make readers feel more immersed and improve their reading experience, motivating recommender systems that pair books with mood-matched music. In this direction, we present Sentiment Aware Generative Adversarial Network for Cross Domain Recommendation (SAGA-CDR), a two-phase cross-domain recommendation framework that personalizes music suggestions and emotionally aligns them with the book being read. In the first phase, transformer-based sentiment embeddings are constructed from user reviews and mapped across domains via a Conditional Generative Adversarial Network, whose mask-conditioned generator handles missing sentiment components and injects stochasticity for richer preference transfer. A compact rating neural network then fuses sentiment-specific interaction scores with a collaborative filtering prior to predict music ratings. In the second phase, large language models classify each book into a valence-arousal emotional quadrant, and candidate tracks are filtered to match that quadrant. Experiments on both the English Amazon and Chinese Douban datasets show that SAGA-CDR achieves the best rating prediction accuracy on Amazon (RMSE 0.98) and the lowest RMSE on Douban (0.91), with ranking performance competitive with the strongest sentiment-aware baseline, even in cross-lingual settings."
"A Solvable Model of Adaptive Learning Rate Rescaling: Acceleration, Stability & Scaling","A recurring design principle in modern optimizers is to decouple update magnitude from the raw gradient norm, yet its consequences for learning-curve and resource scaling remain unclear. We isolate this mechanism by studying normalized SGD in a random-feature model with power-law teacher and data covariance. Fixed-norm updates induce an effective learning rate that grows as gradients shrink. We derive a dynamical mean-field theory (DMFT) describing the joint dependence of the loss on training time, model width and batch size. Normalization initially accelerates SGD, mapping the power-law exponent $r_{\rm SGD}<1$ to $2r_{\rm SGD}/(1-r_{\rm SGD})$, with exponential convergence at $r_{\rm SGD}=1$ and formal finite-time convergence for $r_{\rm SGD}>1$. At finite step size, however, the same feedback ultimately breaks the acceleration and leads to marginal stability. The late-time theory yields width-limited, edge-of-stochastic-stability (EoSS), and deterministic edge-of-stability (EoS) regimes. These phases determine when larger batches or wider models reduce serial training time at comparable compute. We quantify in which of these phases increased batch size or width can compensate the excess compute use per step by fewer optimization steps to target loss. Linearized ResNet experiments on CIFAR-5M support the predicted acceleration, breakdown, and resource-scaling trends. Together, these results connect normalization-induced acceleration, EoS effects, and width--batch allocation within a solvable theory."
To Learn is to Wander: Learning Across Graphs and Tasks with Random Walks,"Graph foundation models aim to transfer across graphs, feature spaces, relational schemas, and prediction tasks, yet existing approaches typically generalize only within particular graph modalities or tasks. We propose Wander, a graph foundation model designed to operate across these settings within a single pretrained checkpoint. Following the prior-predictive perspective, we formulate graph learning as completion of a partially observed graph. We realize this task-general view through a common interface based on random walks, allowing the same model to operate across homogeneous and multi-relational graphs with varying features, labels, and relational schemas. Wander can increase its structural context at inference time without changing its learned parameters and, under suitable assumptions, universally approximates the corresponding Bayes-optimal predictor on bounded connected graphs. Empirically, a single pretrained checkpoint achieves state-of-the-art or highly competitive results across node classification, homogeneous link prediction, and knowledge-graph link prediction. Moreover, joint pretraining across graph modalities and tasks preserves performance in specialized settings while enabling positive transfer and the composition of separately learned capabilities at inference time."
Adapting prior-data fitted networks for tabular anomaly detection,"While deep features have transformed anomaly detection in images and video, their impact on tabular data has been less substantial, partly due to the limited availability of strong deep representations. Recently, prior-data fitted networks (PFNs) have emerged as a promising source of such representations for tabular data. In this work, we investigate how PFN representations can be adapted and leveraged for anomaly detection. The question is harder than it looks. No anomalies are available before deploy- ment, so model parameters cannot be tuned with supervision, and the reference set that defines normal behavior may itself contain the very anomalies it is supposed to reveal. We begin our study using frozen TabPFN features. Scoring each sam- ple by its distance to its nearest neighbors in feature space already gives strong results. We identify which layers to use and a feature-extraction procedure suited to the task. Next, to further improve performance, we use the reference set to fine- tune the model, so that the resulting features better separate normal samples from anomalies. On the ADBench benchmark, our fine-tuning free approach (ZEN) reaches a higher mean AUROC than every baseline, and our fine-tuned method (FOCUS) improves on it further. Our approach also generalizes across PFN models."
Aligning Multimodal Patient Evidence with Biomedical Knowledge Graphs for Clinical LLMs,"Clinical questions often depend on linking a patient's multimodal evidence to external biomedical knowledge, yet existing predictive systems rarely represent such links explicitly, so they can neither be traced to their evidence sources nor removed to measure their contributions. We present MM-KG (Multimodal Knowledge Graph), which represents heterogeneous, multimodal patient observations and biomedical concepts as separate layers in one typed graph, joined by explicit alignment edges. First, modality-specific harmonizers convert EHR text, imaging, genomic, and biospecimen data into typed observations mapped to UMLS concepts, which a route-prioritized aligner links to a biomedical knowledge graph. Query-conditioned retrieval then selects a compact subgraph for downstream use by a large language model or a graph neural network. We build MM-KGs for MIMIC-IV and ADNI, and evaluate them with a 2x2 design that separates patient evidence, biomedical knowledge, and their interaction. On questions that require both sources, neither source alone performs far above chance, whereas their combination yields a drug-controlled AUROC interaction of +0.194 on MIMIC and +0.299 on ADNI. On held-out five-candidate ranking, MM-KG outperforms MindMap by +0.131 Hits@1 and leads an adapted GraphCare on the items that require consulting the patient, and deleting the single answer-bearing relation from the retrieved packet returns Hits@1 to the no-knowledge baseline. Finally, query-conditioned retrieval reaches 0.731 AUROC with 6.8x less context than the strongest generic policy, whereas static knowledge graph context gives no consistent gain on ordinary outcome prediction. Knowledge graphs thus benefit clinical LLMs not as background context but as explicit links between multimodal patient evidence and the relation a question requires, and MM-KG makes these links retrievable, traceable, and testable."
"The Birkhoff Geometry of Manifold-Constrained Hyper-Connections: Two Channels, Vertex Viscosity, and Sinkhorn as a Retraction","Hyper-connections widen the residual stream of a Transformer to $n$ parallel streams. Their manifold-constrained version (mHC) mixes the streams at each layer with a doubly stochastic matrix, which it computes by Sinkhorn normalization of exponentiated logits. We give a geometric theory of this design on the Birkhoff polytope. First, a doubly stochastic mixer splits the stream into a mean channel, on which mHC is exactly a residual network, and a difference channel, which each layer contracts by its second singular value $σ_2 \le 1 - n \min_{ij} H_{ij}$. Thus the extra width is a fading memory with a horizon of $1/(1-σ_2)$ layers, and among nonnegative mixers only the permutations do not collapse. Second, the Sinkhorn-logit map is a global chart, and its logit gradient is exactly the Fisher-Rao gradient. Thus logit gradient flow follows a squared Fisher-Rao metric, and the straight-through update is exactly entropic mirror descent. Third, under logit gradient flow the logarithm of each entry moves at a rate of at most $4n^3\|\nabla f\|_\infty \varepsilon$, where $\varepsilon$ is the distance to the nearest permutation. Thus gradient flow approaches and leaves the vertices only at rate $1/t$, but mirror descent moves at an exponential rate. Fourth, the local convergence factor of Sinkhorn is $σ_2^2$, so a fixed iteration budget limits the horizon. Experiments confirm the predicted rates."
Inverse Cross-spectral Neural Networks for Multivariate Time Series,"CoVariance Neural Networks and their extensions have emerged as effective tools for processing multivariate data, deriving graph shift operators directly from second-order statistics. These architectures, however, are designed for independent and identically distributed observations and do not fully capture the joint structure of temporal and cross-variable dependencies in multivariate time series. In this work, we introduce Inverse Cross-Spectral Neural Networks (iCSNNs), a class of graph neural networks for stationary multivariate time series whose shift operators are the inverse cross-spectral density (iCSD) matrices. These operators encode frequency-specific conditional relationships among variables, exploiting the decomposition provided by the spectral representation theorem. Leveraging spectral smoothness, frequencies are grouped into bands sharing a single iCSD operator, yielding a compact parametrisation that retains the frequency-dependent structure of the process. We further propose a joint learning procedure to estimate both the Fourier-domain dependence structure and the iCSNN parameters, adapting the iCSD operators to the downstream task. When tested on synthetic data, iCSNN outperforms baselines from different methodological families."
Mind the Execution Gap: Action-Semantic Mismatch in World-Model Control,"World-model controllers rely on action-conditioned dynamics for prediction and planning, yet real control systems often execute commands asynchronously due to communication delay, packet loss, reordering, and actuator buffering. We study how asynchronous execution changes the action semantics assumed within world-model controllers, rather than treating it only as an external control disturbance. Through controlled interventions, we identify two architecture-dependent failure modes: planning-based controllers such as TD-MPC2 suffer from a future-action timeline mismatch between imagined and executed action sequences, while recurrent world models such as DreamerV3 can attribute observed transitions to commands that were not actually applied. Our analysis shows that TD-MPC2 requires the correct future action sequence during latent dynamics rollout, whereas DreamerV3 requires timely attribution of each transition to the action that generated it. Based on these findings, we introduce two lightweight execution-consistent interfaces, Future-Sequence for TD-MPC2 and Applied-Action Feedback for DreamerV3, that correct these mismatches without modifying the pretrained world models. Experiments across delays, packet loss, reordering, multiple control domains, measured network traces, and a process-separated asynchronous stack consistently support both diagnoses and the corresponding architecture-specific corrections."
LinearPFN: Amortized Variable Selection for Linear Models with Interactions,"Spike-and-slab regression is a standard Bayesian formulation of variable selection: it returns a posterior distribution over which candidate effects are active rather than a single selected subset, so that every candidate effect carries an inclusion probability. Its cost grows exponentially with the number of candidate effects, so the posterior can be enumerated exactly only when the number of predictors is small. Beyond that reach, the posterior has to be approximated, typically by Markov chain Monte Carlo over the model space, which requires a fresh run for every dataset and, within a fixed budget of steps, may fail to converge. We present LinearPFN, a prior-data fitted transformer network that amortizes spike-and-slab inference for linear models with main effects and pairwise interactions. The network is pretrained once on synthetic datasets, drawn from an explicitly specified prior, and a single forward pass over a new dataset returns posterior inclusion probabilities, posterior-mean coefficients and posterior predictive distributions with no per-dataset fitting. The prior is conjugate by design, so that the posterior for each fixed set of active effects has a closed form, and wherever the exact posterior is still computable by enumeration we verify the network's outputs against it. On real predictor matrices from published social-science datasets, with outcomes drawn from the prior so that the true active set is known, LinearPFN attains a higher per-dataset selection AUC and a higher F1 under the median probability model rule than five classical baselines. The lead holds when the coefficients, the interactions or the noise depart from the prior. Code: https://github.com/schiekiera/LinearPFN. Trained model: https://huggingface.co/schiekiera/LinearPFN."
WaveGSSM: Graph Wave State Space Models for Propagating Spatio-Temporal Patterns,"Spatio-temporal graph models typically encode each snapshot with a GNN and then connect the resulting representations through a temporal module. This space-then-time design is effective, yet it does not explicitly represent how a pattern moves across the graph. We show empirically that, for a propagating process, the same present field can lead to different futures when its recent rate of change differs, motivating an explicit representation of motion in the predictive state. We introduce WaveGSSM, a second-order graph state-space model that maintains two coupled latent states at each node, one for the current pattern and one for its temporal rate of change. A graph-wave transition updates the motion state through graph interactions and uses it to advance the pattern state, coupling spatial propagation and temporal evolution within a single rollout. We evaluate WaveGSSM on four temporal-graph benchmarks and global weather forecasting. It consistently achieves the best mean performance across the temporal-graph benchmarks and reduces the geopotential RMSE by 20.2% on average for 1- to 5-day weather forecasts relative to a backbone-matched snapshot model, while better preserving large-scale atmospheric patterns."
Conditional Flow Matching for Single-Neuron Electrophysiology: Capturing Multimodal Responses Across Stimuli,"Neurons of the brain exhibit a rich repertoire of electrophysiology dynamics with the same repeated stimulus eliciting very different voltage responses from the same cell. One common approach in biophysically detailed models is to capture this variability through ensembles of deterministic parametrizations, at a cost of hundreds of thousands of CPU hours. Existing machine learning surrogates inherit the same limitation, where a stimulus is mapped to a single voltage response. We address this challenge by learning a conditional generative model for single-neuron electrophysiology, using flow matching with a velocity field conditioned on the input current. On biophysically detailed models of two human cortical interneuron types, the generated responses closely reproduce the electrophysiological feature distributions, spike-time structure, and excitability profiles, even matching the experimental recordings from the corresponding human cortical neurons. Near the firing threshold, firing and non-firing responses coexist at the same stimulus amplitude, and at high amplitudes, ensembles may split into low- and high-firing modes near depolarization block. We show that our model recovers both modes in each case, while a neural operator baseline suppresses spiking near threshold and blurs the gap between modes at depolarization block."
ANT: A Multi-Granularity Network Traffic Dataset and Benchmark for Agents Behavior Auditing,"The growing adoption of large language model (LLM) agents creates a need for network administrators and security teams to audit agent behavior within organizational networks without inspecting private user content. Network traffic offers an observable source of evidence, but how much it reveals about agent tasks and operations remains unclear. Existing traffic datasets lack the joint task and stage annotations needed to evaluate this question. We introduce ANT (Agent Network Traffic), a dataset providing agent behavior information at risk, scenario, and behavior primitive granularities alongside network traffic. ANT contains 3,114 execution episodes across 20 tasks and five scenarios, comprising 276,417 bidirectional flows and 40,049 behavior primitive segments organized into 47 macro groups. We establish a benchmark for agent risk identification, scenario recognition, and behavior primitive classification using 13 representative traffic analysis baselines. The results show that existing methods recover useful but uneven behavioral signals. They struggle to identify risk when malicious workflows resemble benign tasks and to distinguish scenarios with similar traffic patterns. Primitive classification is more reliable for frequent macro groups and those with distinctive traffic patterns than for rare or semantically similar groups. ANT provides a common basis for developing more precise auditing and forensic analysis of agent behavior from network traffic. Our data and code are available at https://anonymous.4open.science/r/ant-main-suite-7BC0/."
FairProp: Fair Node Representation Learning via Differentiable Propagation Layers,"Graph neural networks (GNNs) are the standard tool for node representation learning and are increasingly used in high-stakes settings. Their message-passing backbone, however, can amplify topological bias, raising fairness concerns. We study group fairness at the level of downstream predictions for node classification, link prediction, and node regression, and bound the demographic parity gap for an arbitrary number of sensitive groups. Our node classification bound is provably no looser than the closest prior result. For link prediction, ours is the first bound on the parity gap of the deployed sigmoid-activated prediction rather than a pre-activation proxy, and for node regression we provide the first such bound. Across all three tasks, the analysis identifies two distinct sources of bias: the separation between group means and the within-group covariance of the final representations. Building on this insight, we embed fairness into propagation itself by augmenting the convex smoothing problem underlying APPNP with a convex group-mean constraint and a within-group covariance regularizer. Unfolding projected gradient descent on this problem yields FairProp, whose layers pair a propagation step with a closed-form projection and which provably converges linearly to the unique fair optimum. Experiments on three tasks show that FairProp, even with exact group-mean equalization alone, provides a strong inductive bias that achieves excellent fairness-utility trade-offs against strong baselines."
Latent Flow Matching for Molecular Graph Generation,"Modern graph generative models typically operate directly in the discrete graph space, explicitly generating node and edge variables, which can become costly as graphs grow. In this paper, we perform generation explicitly on latent representations of entire graphs obtained from a pretrained Variational Autoencoder with high reconstruction fidelity. The generated representations, obtained through flow matching, are then decoded only at the final step. Across molecular benchmarks of increasing size, our approach achieves strong validity and FCD while offering a favorable quality-efficiency trade-off compared with state-of-the-art explicit graph generative models. One of the main advantages of this formulation is that the graph representation only needs to be learned once, after which the same one can be reused across multiple generative objectives without retraining. We demonstrate generation guided by molecular properties and further introduce validity-aware generation though a classifier learned directly in latent space. All code will be made available upon acceptance."
Quantifying the Stability of Multi-Step Reasoning via Error Amplification,"We consider the stability of multi-step reasoning processes, which have extensive applications in language models, including chain-of-thought and algorithmic reasoning. While longer sequences of reasoning can improve a model's generation capability at test time, the errors due to intermediate reasoning steps can accumulate in autoregressive generation, and thus grow substantially at the end. In this paper, we ask: What are the key factors determining the stability of multi-step reasoning? First, we show an inference error bound governed by the product of spectral norms of the Jacobians taken through the input space across generation steps. This product can be viewed as an error amplification factor, which could scale exponentially with the number of reasoning steps, serving as a quantitative measure of reasoning stability. Second, we analyze this measure in transformer models trained to predict simple tasks like linear and quadratic functions. We theoretically prove that the transformer model converges to a solution where the stability measure decays, thus yielding nearly zero inference loss over (arbitrarily) long steps. Finally, the stability analysis leads to several algorithmic implications for controlling the stability, through (i) chain-of-thought length compression that reduces the sensitivity of each step, and (ii) quantization-aware training that regularizes the input Jacobian norms. We validate the proposed algorithms by fine-tuning language models on graph-algorithmic reasoning tasks and symbolic state-tracking tasks. Across seven evaluations, our algorithms improve over baseline comparisons by 3.5% on average, and by 8.2% for longer-length inputs. Ablation analysis validates that the stability measure is drastically reduced by 3-8$\times$, confirming the regularization effect on the spectral norms of the (input space) Jacobians."
Learning Pareto Stationary Fronts via Single-Pass Backpropagation,"We propose MOSEL (Multi-Objective Stackelberg Efficient Learning), a framework for a posteriori multi-objective optimization (MOO) in deep neural networks that recovers a full front of Pareto stationary solutions at the computational cost of standard single-objective training. MOSEL reformulates the problem as a bilevel optimization problem that leverages network modularity to decouple representation learning from objective-preference alignment. Casting the bilevel optimization problem as a Stackelberg game enables solving the original a posteriori MOO problem in a single forward-backward pass. As a result, MOSEL matches the time and memory efficiency of standard single-objective training while enabling scalable Pareto stationary front learning. Empirically, MOSEL uncovers diverse and optimal Pareto frontiers in strongly conflicting settings (e.g., fairness-accuracy). Remarkably, even in weakly conflicting regimes such as multi-task learning, it consistently converges to solutions closer to the utopia point, outperforming both standard single-objective training and specialized multi-task learning methods. These results highlight the broader potential of a posteriori MOO learning as a pathway to efficiently learn more diverse and robust representations, ultimately improving generalization."
Environmental sensor readings in two crop disease image datasets identify the session in which each image was taken,"Integrating environmental sensor data with leaf imagery is widely reported to boost crop disease classification accuracy. In this work, we reveal that these reported gains are often artifacts of dataset construction: because a single sensor reading is shared across many images collected in a single session (one farm on one date), multimodal networks can predict disease simply by memorizing session identities. Analyzing two widely used Korean datasets, the Crop Disease Diagnosis (CDD) benchmark and an AI Hub pest/disease dataset, we demonstrate that nearly all images share sensor values, with 91.9% of CDD test images having exact sensor duplicates in the training set. Remarkably, an image-free classifier given only timestamps matches or exceeds sensor-driven predictions across all seven evaluated crops, and matches the published macro-F1 of a state-of-the-art CDD fusion model. These results indicate that performance gains on standard random splits cannot be disentangled from session leakage. We propose that multimodal crop studies must evaluate on session-held-out splits and report performance against sensor-free date-time baselines to ensure genuine generalization."
Ontology Concept Overlap as a Training Signal: Knowledge-Grounded Reinforcement Learning for Clinical Question Answering,"Reinforcement learning post-training for language models relies on two reward designs: human preferences (RLHF, DPO) and binary verifiers (RLVR). Clinical question answering fits neither. Near-correct answers differ by a single substituted entity, and no executable check decides clinical correctness. We instantiate a soft verifier from a maintained controlled vocabulary: UMLS Concept Unique Identifier overlap (via scispaCy, set-level F1) gives a graded, externally specified reward computed without a model in the loop. We combine it inside GRPO with an entropy-normalised LLM judge, which covers the safety and evidence axes overlap cannot see, and a small consistency penalty on padding and repetition that keeps early-training samples scorable. This three-term composite improves over SFT on Phi-3-mini (3.8B) over MedQA by 2.9% on EM (0.700 vs 0.680) and 39% on Token-F1 (0.202 vs 0.145); on Llama-3.2-3B the corresponding gains are 14% on EM and 35% on Token-F1. We report Token-F1 as the primary metric because it credits partially-correct clinical content that EM discards at this open-generation scale. Main-table results are means over 3 seeds with standard deviations below 0.005. The method transfers to PubMedQA, where training on the PubMedQA train set with the same composite reward improves Token-F1 over SFT by 22% on Phi-3-mini and 17% on Llama-3.2-3B without retuning. A reward ablation on Phi-3, varying the judge-ontology split at a fixed consistency weight, attributes 3 EM points to the ontology term, the contribution that catches entity substitutions the judge cannot. Three negative findings constrain the design: DPO under random negatives underperforms SFT for strong-prior models but helps the weakest-prior one; PPO under a sparse neural reward diverges; GRPO with KL-in-loss collapses at 7B."
